date,ticker,sector,open,high,low,close,volume,period_return_pct,ma_short,ma_long,volatility_ann,dollar_volume,range_pct
2019-01-04,AAPL,Technology,37.6152,37.8122,33.6931,35.1784,221962468.0,-5.1012,43.809,44.3127,30.8744,7808284484.2912,12.2254
2019-01-11,AAPL,Technology,35.2828,36.6661,34.6184,36.1346,203706070.0,2.7181,42.5488,44.2115,32.7599,7360837357.022,5.915
2019-01-18,AAPL,Technology,35.7929,37.4609,35.4061,37.2094,155291399.0,2.9744,41.4222,44.1248,34.6284,5778299781.9506,5.8035
2019-01-25,AAPL,Technology,37.1122,37.5203,35.9946,37.4325,112513982.0,0.5996,40.3675,44.0736,35.106,4211679631.215,4.2386
2019-02-01,AAPL,Technology,36.965,40.0994,36.4596,39.511,202296864.0,5.5527,39.6331,44.1119,38.1001,7992951393.504,9.9831
2019-02-08,AAPL,Technology,39.8923,41.8368,39.8613,40.6072,151398457.0,2.7744,39.0248,44.1868,39.0604,6147867423.0904,4.9558
2019-02-15,AAPL,Technology,40.7597,41.1005,40.3308,40.6096,112229742.0,0.0059,38.6163,44.1895,38.0621,4557604930.7232,1.9084
2019-02-22,AAPL,Technology,40.4404,41.3006,40.3879,41.2172,81250012.0,1.4962,38.6422,44.19,31.176,3348897994.6064,2.2597
2019-03-01,AAPL,Technology,41.5008,41.9083,41.16,41.6938,120880541.0,1.1563,38.59,44.1965,30.351,5039969100.3458,1.8179
2019-03-08,AAPL,Technology,41.8653,42.3562,40.3903,41.2029,116779738.0,-1.1774,38.6842,44.1765,27.9956,4811663866.8402,4.8673
2019-03-15,AAPL,Technology,41.8178,44.6391,41.7844,44.3508,158133562.0,7.64,39.0755,44.2258,31.1196,7013349981.5496,6.8321
2019-03-22,AAPL,Technology,44.2745,47.1078,44.0195,45.5255,182343335.0,2.6487,39.8263,44.3568,22.5143,8301271497.5425,7.0156
2019-03-29,AAPL,Technology,45.6351,45.9616,43.9838,45.2634,167838582.0,-0.5757,40.4566,44.47,22.6918,7596944872.4988,4.4967
2019-04-05,AAPL,Technology,45.6662,46.9672,44.8893,46.9434,111540445.0,3.7116,41.3616,44.6127,17.7277,5236087725.813,4.6289
2019-04-12,AAPL,Technology,46.8052,48.3374,46.7551,47.389,132006698.0,0.9492,42.2274,44.7354,17.8867,6255665411.522,3.3841
2019-04-18,AAPL,Technology,47.3199,48.6472,47.1841,48.5781,96335577.0,2.5092,43.1019,44.9216,17.8162,4679799293.0637,3.1009
2019-04-26,AAPL,Technology,48.3326,49.679,48.1634,48.6829,97495453.0,0.2157,43.9673,45.1252,17.972,4746361388.8537,3.1466
2019-05-03,AAPL,Technology,48.7068,51.3065,47.4462,50.4582,186455669.0,3.6467,44.8094,45.2658,16.733,9408217437.5358,8.1362
2019-05-10,AAPL,Technology,48.8707,49.9591,46.1148,47.1698,173663634.0,-6.5171,45.3142,45.3183,23.596,8191678883.0532,8.3364
2019-05-17,AAPL,Technology,44.9043,46.043,43.7417,45.2129,186415472.0,-4.1486,45.6683,45.3436,25.8671,8428384093.9888,5.2611
2019-05-24,AAPL,Technology,43.902,44.9737,42.536,42.8135,156970116.0,-5.3069,45.7911,45.3125,28.6081,6720440061.366,5.7308
2019-05-31,AAPL,Technology,42.8016,43.2011,41.8615,41.8806,104691321.0,-2.179,45.8055,45.2559,28.9838,4384535338.2726,3.2002
2019-06-07,AAPL,Technology,42.0073,45.9114,40.7323,45.488,154348161.0,8.6135,46.1351,45.262,33.382,7020989147.568,12.7151
2019-06-14,AAPL,Technology,45.8851,47.0764,45.5239,46.1076,111843021.0,1.3621,46.2702,45.2931,30.0538,5156813275.0596,3.4104
2019-06-21,AAPL,Technology,46.1459,48.0477,45.9712,47.5525,131658960.0,3.1338,46.4261,45.3696,30.2277,6260712695.4,4.5168
2019-06-28,AAPL,Technology,47.4951,48.22,46.7176,47.3468,117368626.0,-0.4326,46.5864,45.4414,30.2087,5557028861.4968,3.2157
2019-07-05,AAPL,Technology,48.6027,49.0596,47.9999,48.8563,72879519.0,3.1882,46.7336,45.5292,29.9794,3560623644.1197,2.2078
2019-07-12,AAPL,Technology,48.0381,48.8946,47.464,48.6338,101600835.0,-0.4554,46.8293,45.5976,29.9969,4941234689.223,3.014
2019-07-19,AAPL,Technology,48.8227,49.3993,48.4089,48.4639,87433154.0,-0.3493,46.8205,45.6621,29.6185,4237351632.1406,2.0459
2019-07-26,AAPL,Technology,48.7175,50.172,48.7079,49.6959,87153118.0,2.5421,46.8984,45.7525,30.0342,4331152636.8162,3.0057
2019-08-02,AAPL,Technology,49.8681,52.9565,48.2343,48.806,219770512.0,-1.7907,46.7714,45.7486,29.3206,10726119608.672,9.7902
2019-08-09,AAPL,Technology,47.545,48.8754,46.2458,48.2654,173211425.0,-1.1077,46.8556,45.7331,26.0702,8360118712.195,5.6859
2019-08-16,AAPL,Technology,47.9364,50.943,47.8236,49.5886,163266105.0,2.7415,47.1922,45.6974,24.6519,8096137574.403,6.5227
2019-08-23,AAPL,Technology,50.5779,51.4952,48.2678,48.6616,142066853.0,-1.8694,47.6421,45.6503,21.7728,6913200373.9448,6.6866
2019-08-30,AAPL,Technology,49.4349,50.5371,48.8249,50.1265,110091319.0,3.0104,48.2764,45.5793,20.9148,5518492501.8535,3.5068
2019-09-06,AAPL,Technology,49.5718,51.4905,49.041,51.2119,82585672.0,2.1653,48.7167,45.5578,14.2226,4229369175.8968,4.9946
2019-09-13,AAPL,Technology,51.5913,54.3721,50.6859,52.5302,175366943.0,2.5742,49.2107,45.5502,14.5828,9212060589.1786,7.2725
2019-09-20,AAPL,Technology,52.2853,53.7333,52.2229,52.2853,145352672.0,-0.4662,49.5748,45.566,14.0984,7599808061.3216,2.8924
2019-09-27,AAPL,Technology,52.5783,53.4284,52.1437,52.5471,117784618.0,0.5007,49.9748,45.5501,13.8811,6189240100.5078,2.4638
2019-10-04,AAPL,Technology,53.0466,54.8044,51.661,54.5138,163381242.0,3.7427,50.41,45.5785,14.3279,8906532350.1396,6.0847
2019-10-11,AAPL,Technology,54.3361,57.0665,53.8703,56.7231,150154587.0,4.0527,51.0323,45.6594,15.3301,8517233653.8597,5.9332
2019-10-18,AAPL,Technology,56.4085,57.1841,56.0003,56.7711,108261581.0,0.0846,51.6713,45.754,15.1623,6146129041.1091,2.1141
2019-10-25,AAPL,Technology,57.0376,59.2493,56.9896,59.2133,100713664.0,4.3018,52.4034,45.9091,16.1886,5963588400.5312,3.9651
2019-11-01,AAPL,Technology,59.415,61.4586,56.9752,61.4322,163067611.0,3.7473,53.3746,46.1471,15.2501,10017602092.4742,7.869
2019-11-08,AAPL,Technology,61.9782,62.7273,61.5061,62.655,106014081.0,1.9905,54.4815,46.419,13.8826,6642312245.055,1.9854
2019-11-15,AAPL,Technology,62.2119,64.0134,62.207,64.0086,115661500.0,2.1604,55.5907,46.7669,13.8046,7403330688.9,2.9038
2019-11-22,AAPL,Technology,64.0182,64.5481,62.7176,63.05,114060454.0,-1.4976,56.6975,47.1932,13.3661,7191511624.7,2.9186
2019-11-29,AAPL,Technology,63.2739,64.548,63.2234,64.3674,75404884.0,2.0895,57.793,47.6162,13.1988,4853616330.3816,2.0952
2019-12-06,AAPL,Technology,64.3723,65.2706,61.7277,65.2008,115090042.0,1.2948,58.8691,48.1013,13.254,7503962810.4336,5.7396
2019-12-13,AAPL,Technology,65.0298,66.3063,63.8039,66.2702,142408267.0,1.6402,59.926,48.6206,13.1767,9437424335.7434,3.9221
2019-12-20,AAPL,Technology,66.7157,68.0765,66.7109,67.3034,183341280.0,1.5591,61.0812,49.2271,12.2445,12339491504.352,2.0471
2019-12-27,AAPL,Technology,67.5659,70.8029,67.5274,69.7986,96724537.0,3.7074,62.4083,49.8565,12.2517,6751237268.2482,4.8507
2020-01-03,AAPL,Technology,69.7167,72.3998,68.6955,71.6363,131852981.0,2.6329,63.7254,50.5576,11.8488,9445459702.8103,5.3923
2020-01-10,AAPL,Technology,70.7596,75.3069,70.5091,74.7433,168452059.0,4.3372,65.1116,51.3001,12.06,12590662781.4547,6.8044
2020-01-17,AAPL,Technology,75.0588,76.7688,74.5554,76.7664,162824452.0,2.7067,66.6497,52.0608,11.2178,12499447012.0128,2.9688
2020-01-24,AAPL,Technology,76.3955,77.8744,76.0246,76.6653,115445527.0,-0.1317,67.9921,52.8153,11.3939,8850665961.1131,2.4331
2020-01-31,AAPL,Technology,74.6783,78.963,73.4307,74.5458,216776323.0,-2.7646,69.0009,53.4891,14.2076,16159764419.0934,7.5341
2020-02-07,AAPL,Technology,73.4673,78.518,72.9651,77.265,163134650.0,3.6477,70.1247,54.194,14.8202,12604598732.25,7.6104
2020-02-14,AAPL,Technology,75.8526,79.0008,75.7729,78.4528,123065907.0,1.5373,71.2358,54.9218,14.7786,9654864988.6896,4.26
2020-02-21,AAPL,Technology,76.1375,78.3804,74.9642,75.5798,119254440.0,-3.6621,72.1996,55.5826,17.1812,9013226724.312,4.5572
2020-02-28,AAPL,Technology,71.7676,73.4383,61.8955,65.9974,349768234.0,-12.6785,72.325,56.05,32.9121,23083794046.5916,18.6488
2020-03-06,AAPL,Technology,68.151,73.3949,67.0501,69.7807,323450224.0,5.7325,72.6773,56.5995,34.6476,22570583045.8768,9.4628
2020-03-13,AAPL,Technology,63.6773,69.1553,59.8747,67.1104,404405247.0,-3.8267,72.7419,57.0372,35.6709,27139797888.2688,15.5
2020-03-20,AAPL,Technology,58.4141,62.5498,55.0461,55.3455,405065837.0,-17.5307,71.8221,57.2261,50.0774,22418571281.6835,13.6316
2020-03-27,AAPL,Technology,55.0655,62.4533,51.3305,59.812,346165813.0,8.0702,71.0539,57.5058,52.6445,20704869607.156,21.6688
2020-04-03,AAPL,Technology,60.5362,63.3731,57.1948,58.2837,209252759.0,-2.5552,70.0268,57.7239,52.1485,12196025029.7283,10.802
2020-04-09,AAPL,Technology,60.575,65.5967,60.208,64.701,183929846.0,11.0105,69.2543,58.0569,56.7855,11900444966.046,8.9502
2020-04-17,AAPL,Technology,64.7782,69.5923,64.1794,68.2765,207386812.0,5.5262,68.6012,58.4357,57.8114,14159645669.518,8.434
2020-04-24,AAPL,Technology,67.1056,68.3273,64.0829,68.3176,169846750.0,0.0602,67.9591,58.8133,57.8193,11603522327.8,6.6232
2020-05-01,AAPL,Technology,68.0351,72.1877,67.166,69.7903,197513427.0,2.1557,67.5933,59.185,57.848,13784521324.3581,7.4766
2020-05-08,AAPL,Technology,69.999,75.1261,69.3091,75.0728,168228968.0,7.5691,67.4247,59.7216,59.4848,12629419668.8704,8.3927
2020-05-15,AAPL,Technology,74.5814,77.387,72.6715,74.487,208536826.0,-0.7803,67.1196,60.2846,59.4241,15533282558.262,6.4888
2020-05-22,AAPL,Technology,75.8087,77.6774,75.1188,77.1933,133274690.0,3.6333,67.2437,60.9457,59.3043,10287913127.577,3.4062
2020-05-29,AAPL,Technology,78.3093,78.4884,75.7894,76.9634,131465363.0,-0.2978,68.0872,61.6204,52.125,10118021318.7142,3.5613
2020-06-05,AAPL,Technology,76.9174,80.3063,76.7866,80.2458,124490802.0,4.2649,68.8923,62.2888,51.6825,9989863999.1316,4.5837
2020-06-12,AAPL,Technology,79.9432,85.8787,79.234,82.0129,202956789.0,2.2021,70.0386,62.9793,50.4677,16645074840.5781,8.3863
2020-06-19,AAPL,Technology,80.6694,86.3121,80.5072,84.6563,194985086.0,3.2232,72.2933,63.6928,28.1768,16506715935.9418,7.2103
2020-06-26,AAPL,Technology,85.0485,90.1416,85.0025,85.6028,220750873.0,1.1181,74.2772,64.4285,26.558,18896892831.2444,6.0458
2020-07-02,AAPL,Technology,85.5108,89.6793,85.034,88.1397,124222310.0,2.9636,76.5738,65.184,23.8397,10948917136.707,5.4629
2020-07-10,AAPL,Technology,89.5655,93.2619,89.534,92.877,141212101.0,5.3748,78.7412,66.0348,17.8279,13115356304.577,4.1636
2020-07-17,AAPL,Technology,94.1794,96.784,90.8993,93.2716,179660754.0,0.4249,80.6639,66.8965,17.4208,16757245982.7864,6.4739
2020-07-24,AAPL,Technology,93.3587,96.1013,86.3169,89.6768,165885792.0,-3.8541,82.3069,67.6654,21.1188,14876106992.0256,11.3355
2020-07-31,AAPL,Technology,90.7371,103.0391,90.2893,102.889,211898609.0,14.7331,84.853,68.7054,32.8481,21802035981.401,14.121
2020-08-07,AAPL,Technology,104.9607,110.9872,104.6624,107.786,250852555.0,4.7595,87.3694,69.8501,31.6585,27038393493.23,6.0431
2020-08-14,AAPL,Technology,109.229,112.5684,105.8402,111.4674,235474473.0,3.4155,90.214,71.04,30.6377,26247727271.6802,6.3569
2020-08-21,AAPL,Technology,112.5878,121.1297,110.5507,120.6466,208464758.0,8.2349,93.5566,72.4244,32.2419,25150564272.5228,9.5694
2020-08-28,AAPL,Technology,124.8445,124.9294,119.3685,121.071,265909531.0,0.3518,96.9495,73.7887,31.9279,32193932827.701,4.6586
2020-09-04,AAPL,Technology,123.7605,133.8492,107.5702,117.3387,1166301669.0,-3.0827,99.8028,75.0603,34.569,136852321648.2903,24.4296
2020-09-11,AAPL,Technology,110.5385,116.8924,106.7068,108.6469,771441734.0,-7.4074,101.8515,76.1395,40.4522,83814752929.7246,9.5455
2020-09-18,AAPL,Technology,111.2855,115.2715,102.9139,103.6414,944934651.0,-4.6071,103.3119,77.1271,42.6713,97934350138.1514,12.0077
2020-09-25,AAPL,Technology,101.4103,109.4812,100.0134,108.9186,847212649.0,5.0918,105.1054,78.2112,43.1636,92277215631.3714,9.4665
2020-10-02,AAPL,Technology,111.5668,114.1957,108.8604,109.6364,641240539.0,0.659,106.759,79.2712,43.1939,70303304230.0196,4.9011
2020-10-09,AAPL,Technology,110.4997,113.4972,108.8894,113.4681,548575054.0,3.4949,108.343,80.3625,42.6904,62245769084.7774,4.2316
2020-10-16,AAPL,Technology,116.4657,121.6361,114.6128,115.4568,881572555.0,1.7527,110.0495,81.4911,42.5999,101783546168.124,6.1278
2020-10-23,AAPL,Technology,116.3686,116.8139,110.8587,111.5959,519569644.0,-3.344,111.7356,82.4984,42.3172,57981842034.8596,5.3719
2020-10-30,AAPL,Technology,110.5967,113.7688,104.495,105.6009,684767901.0,-5.3721,111.9442,83.3478,34.1002,72312106636.7109,8.8749
2020-11-06,AAPL,Technology,106.0263,116.2392,104.2868,115.3355,609571825.0,9.2183,112.5249,84.3609,37.6104,70305271222.2875,11.4611
2020-11-13,AAPL,Technology,117.0944,118.5422,110.9044,115.8894,589872919.0,0.4803,112.8651,85.3586,37.129,68360018659.1586,6.8869
2020-11-20,AAPL,Technology,115.559,117.5705,113.5087,114.0237,389493361.0,-1.6099,112.3556,86.3389,33.1592,44411474146.6557,3.5785
2020-11-27,AAPL,Technology,113.8682,114.296,109.4079,113.2949,364376131.0,-0.6392,111.7575,87.2798,33.1293,41281957324.0319,4.4677
2020-12-04,AAPL,Technology,113.6641,120.2817,113.5086,118.7949,541563385.0,4.8546,111.8695,88.3105,34.1451,64334968164.7365,5.967
2020-12-11,AAPL,Technology,118.8532,122.3904,116.7543,118.9504,452278651.0,0.1309,112.6621,89.3235,29.9386,53798726447.9104,4.8273
2020-12-18,AAPL,Technology,119.135,125.9177,118.105,123.0754,621758148.0,3.4678,114.157,90.3961,27.9338,76523132768.3592,6.6151
2020-12-24,AAPL,Technology,121.4866,130.6064,119.96,128.2402,433757134.0,4.1965,115.6433,91.5199,27.4744,55625101615.5868,8.8749
2020-12-31,AAPL,Technology,130.2031,134.8664,127.9972,128.9398,439740666.0,0.5455,117.1281,92.6219,27.4874,56700073525.9068,5.3667
2021-01-08,AAPL,Technology,129.7464,129.8354,122.8101,128.3179,610791157.0,-0.4823,118.2704,93.6522,27.2746,78375438604.8103,5.7204
2021-01-15,AAPL,Technology,125.5388,127.7349,123.2746,123.5467,481518252.0,-3.7183,118.8927,94.5518,28.7866,59489991024.3684,3.6182
2021-01-22,AAPL,Technology,124.1686,135.8975,123.3504,135.1395,430065722.0,9.3833,120.7038,95.6763,32.2828,58118866638.219,10.1719
2021-01-29,AAPL,Technology,139.0265,140.9894,126.53,128.2305,716990967.0,-5.1125,122.4445,96.7087,32.0441,91940110193.8935,11.4277
2021-02-05,AAPL,Technology,130.1647,133.7363,127.4203,133.094,438264070.0,3.7928,123.8106,97.7824,28.0364,58330318132.58,4.9568
2021-02-12,AAPL,Technology,132.3836,134.1811,130.1084,131.7413,344357350.0,-1.0163,125.0299,98.8072,28.3554,45366084953.555,3.1303
2021-02-19,AAPL,Technology,131.8581,132.3641,123.9946,126.3887,362474097.0,-4.063,125.9811,99.7842,29.7469,45812629903.5039,6.7499
2021-02-26,AAPL,Technology,124.5786,126.2427,115.2164,118.0095,680391444.0,-6.6297,126.3438,100.7845,33.2701,80292654110.718,9.5701
2021-03-05,AAPL,Technology,120.4327,125.2695,114.4184,118.1652,663456753.0,0.1319,126.2953,101.715,31.8474,78397499909.5956,9.4837
2021-03-12,AAPL,Technology,117.6884,119.9073,113.0949,117.7857,586977280.0,-0.3212,126.2057,102.6895,31.8552,69137529808.896,6.0236
2021-03-19,AAPL,Technology,118.1554,123.8097,116.4669,116.7735,626770404.0,-0.8594,125.721,103.8708,30.9855,73190173771.494,6.3046
2021-03-26,AAPL,Technology,117.1044,120.9096,115.7322,117.9608,488825826.0,1.0168,124.9302,104.989,29.5989,57662285495.6208,4.4736
2021-04-01,AAPL,Technology,118.3891,120.8513,115.6739,119.7029,359904082.0,1.4768,124.2197,106.1702,29.8081,43081562337.2378,4.4759
2021-04-09,AAPL,Technology,120.5495,129.4737,119.771,129.4299,447820438.0,8.126,124.3052,107.415,34.4337,57961354508.2962,8.1011
2021-04-16,AAPL,Technology,128.9677,131.3812,127.1283,130.5637,444178798.0,0.876,124.845,108.6128,33.3961,57993627328.4326,3.3453
2021-04-23,AAPL,Technology,129.9311,131.897,127.7805,130.7194,421246935.0,0.1193,124.505,109.8128,27.3354,55065146595.039,3.2216
2021-04-30,AAPL,Technology,131.2158,133.3957,127.5517,127.9361,501621389.0,-2.1292,124.4824,110.931,25.6035,64175484185.2429,4.5817
2021-05-07,AAPL,Technology,128.7177,130.6966,123.512,126.9337,453802325.0,-0.7835,124.0085,111.9283,24.2996,57602808180.8525,5.8169
2021-05-14,AAPL,Technology,126.1538,126.2805,119.1739,124.2431,514165627.0,-2.1197,123.4317,112.8852,24.5372,63881531411.9237,5.9632
2021-05-21,AAPL,Technology,123.629,124.7793,119.7687,122.274,386352101.0,-1.5849,123.1152,113.7521,23.4073,47240816797.674,4.1836
2021-05-28,AAPL,Technology,122.8394,125.0913,121.4161,121.4746,357615057.0,-0.6538,123.3817,114.6081,18.9227,43441146003.0522,3.0269
2021-06-04,AAPL,Technology,121.9328,122.9856,120.0318,122.7224,278314493.0,1.0272,123.7323,115.425,18.9824,34155422535.7432,2.4608
2021-06-11,AAPL,Technology,122.9954,125.2278,121.6912,124.1457,327048055.0,1.1598,124.2215,116.2352,18.9959,40601609721.6135,2.9062
2021-06-18,AAPL,Technology,124.6038,129.2148,123.8727,127.1774,456667151.0,2.442,125.0218,117.0529,19.1669,58077740929.5874,4.3126
2021-06-25,AAPL,Technology,127.0214,131.2522,125.9588,129.7607,354155878.0,2.0313,125.9295,117.9021,19.3484,45955514638.3946,4.2025
2021-07-02,AAPL,Technology,130.0532,136.4774,129.9947,136.4384,321360130.0,5.1462,127.2169,118.8309,21.2309,43845861960.992,4.9869
2021-07-09,AAPL,Technology,136.5456,141.9852,136.5456,141.4588,418559640.0,3.6796,128.1422,119.7652,16.0367,59208944402.832,3.9837
2021-07-16,AAPL,Technology,142.5311,146.2258,140.016,142.7066,504249326.0,0.8821,129.0762,120.7159,16.037,71959706865.7516,4.435
2021-07-23,AAPL,Technology,140.133,144.9757,138.1054,144.822,441563639.0,1.4823,130.161,121.7764,16.0515,63948129327.258,4.9747
2021-07-30,AAPL,Technology,144.5393,146.06,138.9534,142.1899,420947531.0,-1.8175,131.2575,122.5321,15.8142,59854487338.1369,5.1144
2021-08-06,AAPL,Technology,142.8921,144.5372,141.74,142.6773,284559337.0,0.3428,132.4685,123.2031,15.4705,40600157892.9501,1.9734
2021-08-13,AAPL,Technology,142.7359,145.9034,141.8572,145.5672,299050639.0,2.0255,134.1088,123.8589,14.0964,43531964177.4408,2.8523
2021-08-20,AAPL,Technology,145.0156,148.0861,141.0762,144.6788,429624447.0,-0.6103,135.8323,124.3211,13.3649,62157549442.6236,4.9689
2021-08-27,AAPL,Technology,144.7959,147.2855,143.3509,145.079,272129118.0,0.2766,137.648,124.7827,12.8911,39480220310.322,2.7447
2021-09-03,AAPL,Technology,145.4696,151.3079,145.0888,150.644,386760934.0,3.8358,139.7958,125.4232,13.7444,58263214141.496,4.2864
2021-09-10,AAPL,Technology,151.2981,153.5339,145.1767,145.4403,354897433.0,-3.4543,141.4339,126.1308,17.0852,51616389124.7499,5.7566
2021-09-17,AAPL,Technology,147.0609,147.8322,142.3063,142.5992,492884912.0,-1.9534,142.6202,126.88,17.9948,70284994143.2704,3.8831
2021-09-24,AAPL,Technology,140.3928,143.976,137.9228,143.4389,394033205.0,0.5889,143.6723,127.5438,17.8368,56519689488.6745,4.3888
2021-10-01,AAPL,Technology,142.0232,142.5016,135.814,139.27,441421358.0,-2.9064,143.8902,128.1137,16.5633,61476752528.66,4.9241
2021-10-08,AAPL,Technology,138.4011,140.7979,134.9938,139.5141,382910000.0,0.1753,143.7406,128.6146,14.7395,53421344031.0,4.2996
2021-10-15,AAPL,Technology,138.899,141.4618,135.9017,141.4081,354098233.0,1.3576,143.6407,129.1137,14.9048,50072358341.8873,4.0912
2021-10-22,AAPL,Technology,140.0462,146.6216,139.7679,145.1669,340691290.0,2.6581,143.6672,129.7593,15.5981,49457098426.301,4.9036
2021-10-29,AAPL,Technology,145.1571,149.5359,142.9437,146.2506,392739936.0,0.7465,143.9796,130.541,15.1104,57438451283.9616,4.6118
2021-11-05,AAPL,Technology,145.6664,149.0347,144.5078,147.9103,322688958.0,1.1348,144.3821,131.1674,15.2171,47729020584.4674,3.1326
2021-11-12,AAPL,Technology,148.0375,148.1939,144.195,146.6491,281026556.0,-0.8527,144.4653,131.759,14.8864,41212291513.4996,2.7733
2021-11-19,AAPL,Technology,147.0206,157.4333,146.0135,156.9738,462419283.0,7.0404,145.4111,132.5849,20.2532,72587712045.7854,7.8211
2021-11-26,AAPL,Technology,158.0787,162.0092,152.8772,153.3172,359933163.0,-2.3294,146.0448,133.3546,21.1218,55183944738.3036,5.9734
2021-12-03,AAPL,Technology,155.8201,166.5067,154.2851,158.2351,669981566.0,3.2077,146.6287,134.113,20.7209,106014600094.1666,7.9214
2021-12-10,AAPL,Technology,160.6306,175.6289,160.6208,175.4529,569227705.0,10.8812,148.9374,135.1996,27.7576,99872651602.5945,9.3438
2021-12-17,AAPL,Technology,177.0808,178.0732,165.9103,167.328,769789942.0,-4.6308,150.8396,136.0506,29.6603,128807411414.976,7.331
2021-12-23,AAPL,Technology,164.5317,172.9107,163.73,172.3535,359176889.0,3.0034,153.0638,136.899,29.7976,61905393938.2615,5.6072
2021-12-31,AAPL,Technology,173.1405,177.2909,173.1258,173.6147,337847299.0,0.7318,155.7057,137.7581,28.3185,58655257461.6953,2.4058
2022-01-07,AAPL,Technology,173.8689,178.8651,167.2204,168.335,482162362.0,-3.041,157.9227,138.5277,29.7995,81164801207.27,6.9637
2022-01-14,AAPL,Technology,165.3139,173.2335,164.4241,169.215,422454950.0,0.5228,160.0617,139.4059,29.8673,71485714364.25,5.3577
2022-01-21,AAPL,Technology,167.6897,168.6968,158.6849,158.7924,397684401.0,-6.1594,161.1098,139.8608,33.3472,63149260477.3524,6.3093
2022-01-28,AAPL,Technology,156.4556,166.5556,151.2541,166.536,688670659.0,4.8766,162.6702,140.5974,34.3329,114688456867.224,10.1164
2022-02-04,AAPL,Technology,166.5821,172.5341,165.9458,168.7652,458553231.0,1.3386,164.2745,141.2834,34.3361,77387827740.3612,3.9702
2022-02-11,AAPL,Technology,169.2254,172.9357,164.5067,165.0941,412902045.0,-2.1753,165.6933,141.9248,34.7649,68167691507.4345,5.1238
2022-02-18,AAPL,Technology,163.8507,169.6952,162.6955,163.7822,364011266.0,-0.7946,166.217,142.6439,32.3323,59618565970.2652,4.3023
2022-02-25,AAPL,Technology,161.5111,163.1851,148.804,161.3838,413588646.0,-1.4644,166.8375,143.478,32.0589,66746507328.3348,9.6645
2022-03-04,AAPL,Technology,159.6314,165.3584,158.5643,159.7391,418753837.0,-1.0191,166.9532,144.2775,31.6145,66891361043.9267,4.2847
2022-03-11,AAPL,Technology,159.9251,161.5502,151.2514,151.4766,521334165.0,-5.1725,165.1089,144.9254,23.2076,78969926778.039,6.8091
2022-03-18,AAPL,Technology,148.2656,161.0216,146.9439,160.5321,501667481.0,5.9782,164.5861,145.7669,25.7278,80533734226.6401,9.5803
2022-03-25,AAPL,Technology,160.0719,171.5944,159.5873,171.0462,438484780.0,6.5495,164.4856,146.7878,28.5044,75001155376.836,7.5238
2022-04-01,AAPL,Technology,168.5498,175.8334,168.3246,170.6448,465395123.0,-0.2347,164.2571,147.7675,28.4644,79417257685.3104,4.4609
2022-04-08,AAPL,Technology,170.8994,174.737,165.6423,166.5136,390677922.0,-2.4209,164.117,148.4806,28.2089,65053187232.7392,5.4905
2022-04-14,AAPL,Technology,165.1626,167.6688,161.5698,161.8145,297460188.0,-2.8221,163.5477,149.0816,28.7219,48133371591.126,3.7748
2022-04-22,AAPL,Technology,160.4733,167.9233,158.1042,158.3881,376576076.0,-2.1175,163.5166,149.6137,26.1538,59645169183.0956,6.2105
2022-04-29,AAPL,Technology,157.7322,162.7054,152.1129,154.3352,540082324.0,-2.5588,162.5781,150.1214,24.3619,83353713491.0048,6.9636
2022-05-06,AAPL,Technology,153.6393,163.2178,150.2667,154.1981,566193362.0,-0.0888,161.4576,150.6457,24.0523,87305940653.0122,8.6188
2022-05-13,AAPL,Technology,151.8893,153.6687,136.0802,144.2274,686227375.0,-6.4662,159.8524,151.03,26.6307,98972790105.075,12.9251
2022-05-20,AAPL,Technology,142.6979,146.8352,130.0115,134.8939,548244690.0,-6.4714,157.6303,151.2727,28.799,73954864388.391,12.9402
2022-05-27,AAPL,Technology,135.09,146.747,134.4527,146.7078,495921758.0,8.7579,156.5013,151.7579,35.2477,72755590088.3124,9.1439
2022-06-03,AAPL,Technology,146.149,148.7667,141.6293,142.5313,338923395.0,-2.8468,155.1777,152.1389,35.5254,48307192089.7635,5.0395
2022-06-10,AAPL,Technology,144.1489,146.933,134.3743,134.4429,354396344.0,-5.6748,153.8674,152.3369,35.8087,47646072236.7576,9.3461
2022-06-17,AAPL,Technology,130.2664,134.6488,126.5115,128.9821,541006195.0,-4.0618,151.4405,152.3716,33.0994,69780115144.1095,6.4321
2022-06-24,AAPL,Technology,130.8057,139.1293,130.7076,138.8842,315960327.0,7.6771,148.9665,152.547,34.3517,43881897247.1334,6.4431
2022-07-01,AAPL,Technology,139.8989,140.6783,131.1524,136.2077,373781666.0,-1.9271,146.3174,152.5426,34.251,50911941028.0282,7.2632
2022-07-08,AAPL,Technology,135.0703,144.6587,134.2468,144.1587,278295402.0,5.8374,144.5978,152.5945,37.2611,40118703368.2974,7.7558
2022-07-15,AAPL,Technology,142.8156,147.9039,139.3352,147.2274,366480107.0,2.1287,143.4758,152.6815,37.5163,53955913305.3318,6.1497
2022-07-22,AAPL,Technology,147.7862,153.2177,143.8254,151.0706,360988692.0,2.6104,142.9129,152.8016,37.878,54534778293.6552,6.5303
2022-07-29,AAPL,Technology,150.9922,160.4237,147.8451,159.3256,370548915.0,5.4643,143.2967,153.1312,39.1254,59037928211.724,8.508
2022-08-05,AAPL,Technology,158.0746,164.142,156.7198,162.3355,322415021.0,1.8892,143.9227,153.5092,39.2226,52339403641.5455,4.736
2022-08-12,AAPL,Technology,163.3369,169.0311,160.2737,168.9624,318856922.0,4.0822,145.8254,153.9591,36.6566,53874830797.7328,5.464
2022-08-19,AAPL,Technology,168.393,172.9386,168.1869,168.393,322647151.0,-0.337,148.4022,154.4152,32.8445,54331521698.343,2.8252
2022-08-26,AAPL,Technology,166.5963,167.9315,160.5781,160.637,307194601.0,-4.6059,149.4737,154.7144,31.449,49346819120.837,4.5794
2022-09-02,AAPL,Technology,158.2071,159.9301,151.8502,152.9694,389809404.0,-4.7732,150.2767,154.7591,32.6276,59628910644.2376,5.321
2022-09-09,AAPL,Technology,153.6173,154.9427,149.8964,154.5009,313749966.0,1.0012,151.8196,154.9333,29.6229,48474652121.9694,3.3665
2022-09-16,AAPL,Technology,156.6804,161.2653,145.665,147.9525,568337936.0,-4.2384,153.2788,155.0363,29.7594,84087018476.04,10.7097
2022-09-23,AAPL,Technology,146.5879,155.846,145.8516,147.6875,473155533.0,-0.1791,153.956,155.118,26.2173,69879157779.9375,6.8525
2022-09-30,AAPL,Technology,146.9315,151.8992,135.484,135.6804,577537048.0,-8.1301,153.9155,155.0489,31.2027,78360457687.4592,12.1159
2022-10-07,AAPL,Technology,135.6903,144.8502,135.1748,137.536,435940423.0,1.3676,153.406,155.0109,28.8032,59957502017.728,7.1576
2022-10-14,AAPL,Technology,137.86,141.8853,131.9203,135.8572,424188362.0,-1.2206,152.5314,154.9041,28.362,57629043133.9064,7.5538
2022-10-21,AAPL,Technology,138.4932,145.1525,137.7127,144.5851,397216487.0,6.4243,152.0325,154.893,31.0941,57431585494.5437,5.4024
2022-10-28,AAPL,Technology,144.5017,154.6286,141.5024,152.9007,513092901.0,5.7514,151.5383,155.0208,31.3271,78452263727.9307,9.2763
2022-11-04,AAPL,Technology,150.6127,152.8697,132.1494,136.083,510660451.0,-10.9991,149.5189,154.7934,37.5406,69492206153.433,15.6794
2022-11-11,AAPL,Technology,134.8341,147.52,132.3592,147.2151,461034592.0,8.1804,147.846,154.8043,40.8018,67871253564.7392,11.4543
2022-11-18,AAPL,Technology,146.4972,151.0405,143.724,148.7787,382679685.0,1.0621,146.3372,154.6467,40.9817,56934586050.7095,5.0907
2022-11-25,AAPL,Technology,147.6674,149.3096,144.4861,145.6514,204025457.0,-2.102,145.1845,154.4993,40.2731,29716593447.6898,3.3384
2022-12-02,AAPL,Technology,142.7307,146.6545,138.0252,145.3564,401189067.0,-0.2025,144.5988,154.2516,39.2472,58315398498.4788,6.252
2022-12-09,AAPL,Technology,145.3171,148.4147,137.6761,139.8002,341500071.0,-3.8225,143.468,153.566,39.7617,47741778225.8142,7.7999
2022-12-16,AAPL,Technology,140.3313,147.4798,131.5101,132.2772,505728804.0,-5.3813,142.2622,152.8919,40.2743,66896390152.4688,12.1433
2022-12-23,AAPL,Technology,132.8673,134.539,127.4881,129.6712,384620427.0,-1.9701,140.8764,152.0711,40.3309,49874192313.6024,5.5307
2022-12-30,AAPL,Technology,129.1991,129.2286,123.7806,127.7732,307184140.0,-1.4637,140.2681,151.1895,37.1982,39249900557.048,4.4014
2023-01-06,AAPL,Technology,128.1174,128.7272,122.1089,127.4684,369948527.0,-0.2385,139.4937,150.4036,37.0176,47156746819.0468,5.42
2023-01-13,AAPL,Technology,128.2994,132.6804,125.9933,132.5231,333335284.0,3.9655,139.2372,149.698,37.9961,44174625175.0604,5.3075
2023-01-20,AAPL,Technology,132.5919,136.3091,131.5495,135.5814,271823466.0,2.3077,138.5446,149.2517,35.7785,36854206073.1324,3.6182
2023-01-27,AAPL,Technology,135.8272,144.786,135.6109,143.5076,338655715.0,5.8461,137.8221,148.8088,35.8493,48599668885.934,6.7658
2023-02-03,AAPL,Technology,142.5488,154.7676,138.9742,151.9354,480249683.0,5.8727,139.0415,148.4852,29.4903,72966927686.4782,11.3643
2023-02-10,AAPL,Technology,150.2709,152.8858,146.9665,148.7295,330758787.0,-2.11,139.158,148.1704,25.4241,49193589011.1165,4.0276
2023-02-17,AAPL,Technology,148.6723,153.9691,148.5719,150.2462,316887898.0,1.0198,139.2709,147.9101,25.4176,47611202500.4876,3.6327
2023-02-24,AAPL,Technology,147.9317,149.0151,143.5195,144.4944,213742390.0,-3.8282,139.1819,147.5853,26.2945,30884578397.616,3.8291
2023-03-03,AAPL,Technology,145.4793,148.828,141.7269,148.7492,274036517.0,2.9446,139.4428,147.374,26.9352,40762712674.5364,5.0104
2023-03-10,AAPL,Technology,151.4626,153.9396,145.3804,146.2574,313350829.0,-1.6752,139.9396,147.2736,25.8518,45829877537.3846,5.8874
2023-03-17,AAPL,Technology,145.5729,154.3729,145.4694,152.6592,410519933.0,4.3771,141.5074,147.1222,23.658,62669644555.8336,6.1205
2023-03-24,AAPL,Technology,152.7282,159.6915,151.8221,157.83,350159914.0,3.3872,143.6735,146.8681,23.0063,55265739226.62,5.1833
2023-03-31,AAPL,Technology,157.5246,162.5082,153.6244,162.4097,267939590.0,2.9017,146.3378,146.7097,22.153,43515988430.023,5.7828
2023-04-06,AAPL,Technology,161.7893,164.3205,159.3566,162.1734,200156349.0,-0.1455,149.0074,146.6262,22.1147,32460035648.9166,3.115
2023-04-14,AAPL,Technology,158.9822,163.8082,157.367,162.715,263326290.0,0.334,151.3299,146.6436,21.845,42847137277.35,4.0931
2023-04-21,AAPL,Technology,162.5968,165.6205,161.5529,162.5279,249150510.0,-0.115,153.4027,146.7232,22.0571,40493909174.229,2.5178
2023-04-28,AAPL,Technology,162.5082,167.2849,160.3414,167.1175,254947569.0,2.8239,155.2188,146.969,20.1947,42606200362.3575,4.3305
2023-05-05,AAPL,Technology,166.7236,171.6678,161.8286,170.9488,360723248.0,2.2926,156.6814,147.2911,17.7358,61665206377.7024,6.08
2023-05-12,AAPL,Technology,170.1115,172.1926,168.6519,170.2003,250061982.0,-0.4379,158.333,147.7906,16.7796,42560624354.9946,2.0994
2023-05-19,AAPL,Technology,170.7822,173.9678,168.0799,172.7547,258634688.0,1.5008,160.0644,148.5187,16.8012,44680357935.0336,3.503
2023-05-26,AAPL,Technology,171.5909,173.3563,168.1784,173.021,250354916.0,0.1541,162.2588,149.0247,13.2463,43316657921.236,3.0788
2023-06-02,AAPL,Technology,174.53,179.2838,174.1453,178.4652,286176391.0,3.1466,164.5446,149.7157,13.3534,51072526855.0932,2.9507
2023-06-09,AAPL,Technology,180.1222,182.4113,174.8851,178.4751,347854340.0,0.0055,167.0229,150.5625,12.018,62083338116.934,4.3035
2023-06-16,AAPL,Technology,178.7808,184.4223,178.4849,182.3807,333836397.0,2.1883,169.3092,151.5894,10.4918,60885315770.3379,3.3265
2023-06-23,AAPL,Technology,181.8777,184.9844,180.0828,184.1165,203677112.0,0.9517,171.3312,152.4593,9.5705,37500316991.548,2.7219
2023-06-30,AAPL,Technology,184.2644,191.8094,182.6864,191.3064,281596832.0,3.9051,173.554,153.5189,10.508,53871276181.3248,4.9938
2023-07-07,AAPL,Technology,191.119,191.2177,186.6019,188.0616,170349466.0,-1.6961,175.5454,154.3631,11.7965,32036193135.1056,2.4736
2023-07-14,AAPL,Technology,186.6611,189.0676,184.0377,188.0715,250269110.0,0.0053,177.4959,155.1486,11.9137,47068486921.365,2.7331
2023-07-21,AAPL,Technology,189.2648,195.5079,188.604,189.3043,310914135.0,0.6555,179.5557,155.8839,11.661,58857382686.2805,3.6605
2023-07-28,AAPL,Technology,190.7541,194.4921,189.6101,193.1409,226011789.0,2.0267,181.5575,156.5342,11.2803,43652120338.0701,2.5748
2023-08-04,AAPL,Technology,193.3677,194.0285,179.4219,179.4909,302694989.0,-7.0674,182.2145,156.8641,19.5812,54330996001.1001,8.1409
2023-08-11,AAPL,Technology,179.8715,180.8591,174.3607,175.5853,332501087.0,-2.1759,182.6288,156.9914,20.2062,58382303111.2211,3.727
2023-08-18,AAPL,Technology,175.763,177.4617,169.8276,172.3262,261498109.0,-1.8561,182.5958,157.0671,20.4392,45062975431.1558,4.4952
2023-08-25,AAPL,Technology,172.899,179.2986,171.5806,176.3951,247514268.0,2.3612,182.8554,157.3701,20.9722,43660304055.2868,4.4982
2023-09-01,AAPL,Technology,177.8568,187.5649,176.331,187.1106,264199503.0,6.0747,183.5204,158.0267,23.435,49434527526.0318,6.3709
2023-09-08,AAPL,Technology,185.9453,187.6242,171.388,175.9705,305126712.0,-5.9538,183.3277,158.4396,26.6896,53693300073.996,9.4733
2023-09-15,AAPL,Technology,177.8371,178.0642,171.4275,172.8398,403746390.0,-1.7791,182.5938,158.9182,26.4294,69783445298.322,3.8714
2023-09-22,AAPL,Technology,174.2915,177.4667,171.704,172.6225,297395196.0,-0.1257,181.7097,159.3977,26.2869,51337102221.51,3.3561
2023-09-29,AAPL,Technology,172.0398,174.7755,165.5414,169.0869,285838995.0,-2.0482,180.0005,160.0401,24.6771,48331629563.6655,5.5781
2023-10-06,AAPL,Technology,169.0968,175.7828,168.7017,175.289,260574027.0,3.668,179.018,160.7661,26.2032,45675760618.803,4.1974
2023-10-13,AAPL,Technology,174.6175,180.0789,173.62,176.6322,241839090.0,0.7663,178.138,161.5503,26.3081,42716570512.698,3.7201
2023-10-20,AAPL,Technology,174.5582,176.8544,170.4992,170.7362,288377600.0,-3.338,176.7097,162.0532,26.8086,49236495589.12,3.7274
2023-10-27,AAPL,Technology,168.7906,171.8522,163.6156,166.134,286078102.0,-2.6955,174.6322,162.3077,26.3669,47527299397.668,5.0341
2023-11-03,AAPL,Technology,166.924,175.5754,165.8179,174.4594,310075876.0,5.0113,174.2452,163.0457,25.555,54095651281.4344,5.8845
2023-11-10,AAPL,Technology,174.4171,184.4888,174.249,184.3256,303653020.0,5.6553,174.9175,163.7593,27.5972,55971025103.312,5.8765
2023-11-17,AAPL,Technology,183.752,188.8348,182.1599,187.5789,262880715.0,1.765,176.0908,164.5055,27.2387,49310875350.9135,3.6643
2023-11-24,AAPL,Technology,187.7767,190.7829,187.1438,187.8558,148351454.0,0.1476,176.9724,165.3171,27.0197,27868681072.3332,1.9445
2023-12-01,AAPL,Technology,187.8064,189.9522,186.0956,189.1117,216481441.0,0.6685,177.1263,166.1586,24.251,40939173325.9597,2.0724
2023-12-08,AAPL,Technology,187.8657,193.8088,185.3649,193.5319,251797045.0,2.3373,178.4772,167.1919,20.6311,48730760533.2355,4.5553
2023-12-15,AAPL,Technology,190.9608,197.3984,189.2896,195.3712,379414755.0,0.9504,180.2104,168.4052,19.8771,74126715982.056,4.2838
2023-12-22,AAPL,Technology,193.9077,195.48,190.8224,191.4454,231859933.0,-2.0094,181.6583,169.5932,20.673,44388517617.1582,2.4408
2023-12-29,AAPL,Technology,191.4553,192.4936,188.9633,190.3873,153541162.0,-0.5527,183.2968,170.7973,19.9731,29232287272.0426,1.8682
2024-01-05,AAPL,Technology,185.0672,186.3428,178.1648,179.1636,275083628.0,-5.8952,183.5949,171.7914,23.2299,49284973093.5408,4.5901
2024-01-12,AAPL,Technology,180.0586,184.9683,179.4801,183.8509,238385377.0,2.6162,184.1501,172.7785,23.7094,43827366108.2893,3.0579
2024-01-19,AAPL,Technology,180.1327,189.8138,178.2934,189.4281,259829213.0,3.0335,185.588,173.814,22.8122,49218954143.0853,6.4615
2024-01-26,AAPL,Technology,190.1599,194.1945,189.8039,190.2786,255368848.0,0.449,187.4453,174.7135,21.5259,48591226881.0528,2.3132
2024-02-02,AAPL,Technology,189.8731,190.061,177.2552,183.7817,325909883.0,-3.4144,188.1624,175.3259,21.4716,59896272344.5411,7.2245
2024-02-09,AAPL,Technology,186.2925,189.1639,184.0053,186.9856,252715796.0,1.7433,188.367,176.0616,18.5878,47254214744.5376,2.8035
2024-02-16,AAPL,Technology,186.5549,186.8074,179.5597,180.5102,268128941.0,-3.463,187.8232,176.6436,19.5263,48400008765.6982,4.0364
2024-02-23,AAPL,Technology,179.9953,183.2132,178.223,180.7181,192607112.0,0.1152,187.2742,177.3402,19.5235,34807591327.1272,2.8
2024-03-01,AAPL,Technology,180.4408,182.1067,175.6288,177.8863,354385890.0,-1.567,186.4107,177.9005,19.5731,63040394744.307,3.6884
2024-03-08,AAPL,Technology,174.411,175.1536,166.8266,169.0445,393262265.0,-4.9705,184.527,178.3387,20.5214,66478822955.7925,4.9914
2024-03-15,AAPL,Technology,171.2326,172.6584,168.6039,170.9158,364748130.0,1.107,182.6459,178.6898,20.5881,62341218437.454,2.4048
2024-03-22,AAPL,Technology,173.8367,176.9061,168.3811,170.5792,361583938.0,-0.1969,181.0408,178.935,20.5164,61678698876.8896,5.0629
2024-03-28,AAPL,Technology,168.8811,171.8862,167.7771,169.7871,237622732.0,-0.4644,179.4561,179.0769,20.5226,40345274560.3572,2.4491
2024-04-05,AAPL,Technology,169.5,170.2228,166.5694,167.9059,233688457.0,-1.108,178.5902,179.1871,17.4089,39237670692.1963,2.1933
2024-04-12,AAPL,Technology,167.3612,176.5991,165.4602,174.807,321898799.0,4.1101,177.8945,179.4196,18.7607,56270163356.793,6.7321
2024-04-19,AAPL,Technology,173.6288,174.8863,162.4552,163.3711,309416498.0,-6.542,175.8901,179.4359,20.9153,50549713636.4078,7.652
2024-04-26,AAPL,Technology,163.881,169.6485,163.1433,167.6286,241302722.0,2.606,174.1478,179.4457,22.0199,40449237465.0492,3.9874
2024-05-03,AAPL,Technology,171.6584,185.1539,167.4405,181.5696,441926366.0,8.3166,173.9776,179.6499,27.9714,80240393504.0736,10.5789
2024-05-10,AAPL,Technology,180.8003,183.513,178.8828,181.4904,300674993.0,-0.0436,173.5549,179.867,27.7092,54569624749.5672,2.5884
2024-05-17,AAPL,Technology,183.8551,189.4669,183.047,188.2523,288966571.0,3.7258,174.1505,180.1651,27.7277,54398621613.8633,3.5072
2024-05-24,AAPL,Technology,187.712,191.1803,185.035,188.3614,208652122.0,0.058,174.7384,180.4601,27.7304,39302005812.8908,3.3212
2024-05-31,AAPL,Technology,189.8783,191.3556,187.4888,190.612,230454285.0,1.1948,175.7173,180.6937,27.4357,43927352172.42,2.0624
2024-06-07,AAPL,Technology,191.2565,195.2621,190.8797,195.2125,245994434.0,2.4135,177.7302,181.0156,24.7864,48021188447.225,2.2959
2024-06-14,AAPL,Technology,195.2224,218.3239,190.5129,210.6796,635755143.0,7.9232,180.789,181.5598,28.2248,133940639225.1828,14.598
2024-06-21,AAPL,Technology,211.5521,217.0846,205.3454,205.7222,506265358.0,-2.3531,183.4923,181.9753,29.1638,104150023231.5476,5.7168
2024-06-28,AAPL,Technology,205.9502,214.2291,204.8298,208.8255,335969485.0,1.5085,186.4952,182.3122,28.8455,70158995689.8675,4.5888
2024-07-05,AAPL,Technology,210.283,224.5207,210.1145,224.4116,216231316.0,7.4637,190.8418,183.0112,30.3153,48524815593.6656,6.8564
2024-07-12,AAPL,Technology,225.1552,231.0942,221.3479,228.5758,287640514.0,1.8556,194.9779,183.7901,30.0783,65747660599.9612,4.4031
2024-07-19,AAPL,Technology,234.4652,235.2088,220.3763,222.3989,278397452.0,-2.7023,199.5185,184.4266,25.9611,61915287087.6028,6.7306
2024-07-26,AAPL,Technology,225.0759,225.8393,212.7915,216.103,242932215.0,-2.8309,203.2473,184.8681,28.023,52498380458.145,6.1318
2024-08-02,AAPL,Technology,215.1115,223.6779,213.9118,217.9868,296061436.0,0.8717,206.0486,185.6084,24.537,64537485037.0448,4.5655
2024-08-09,AAPL,Technology,197.3937,214.933,194.33,214.3976,342088289.0,-1.6465,208.5799,186.3548,25.1663,73342908149.7064,10.602
2024-08-16,AAPL,Technology,214.4753,225.153,214.0087,224.3816,214898250.0,4.6568,211.3591,187.3559,25.6129,48219213172.2,5.2074
2024-08-23,AAPL,Technology,224.0541,226.6547,221.3938,225.1658,188124897.0,0.3495,214.1902,188.2938,25.5524,42359292932.9226,2.3763
2024-08-30,AAPL,Technology,225.0864,231.201,222.2381,227.3099,209486001.0,0.9522,217.0131,189.0669,25.5671,47618241938.7099,4.033
2024-09-06,AAPL,Technology,226.8631,227.3098,215.8749,219.1902,178491741.0,-3.5721,218.8576,189.898,27.303,39123640408.1382,5.297
2024-09-13,AAPL,Technology,219.1902,222.3864,215.1105,220.8578,237622914.0,0.7608,219.6405,190.8214,22.7684,52480874015.6292,3.3824
2024-09-20,AAPL,Technology,214.9419,231.3697,212.3412,226.5158,550232897.0,2.5618,221.24,191.8578,22.3021,124636444850.2726,8.9613
2024-09-27,AAPL,Technology,225.6621,227.826,222.3666,226.1088,210673480.0,-0.1797,222.5695,192.9544,22.3209,47635127754.624,2.4551
2024-10-04,AAPL,Technology,228.3422,231.2803,221.374,225.1261,222348300.0,-0.4346,222.6245,193.9128,16.7876,50056405620.63,4.4749
2024-10-11,AAPL,Technology,222.8431,228.0544,219.6965,225.8706,164894870.0,0.3307,222.4164,194.8597,16.3479,37244903223.822,3.8043
2024-10-18,AAPL,Technology,227.0121,235.7372,226.9128,233.2656,218140974.0,3.274,223.2523,196.0622,16.543,50884785184.6944,3.8889
2024-10-25,AAPL,Technology,232.7197,235.102,226.079,229.7021,197299834.0,-1.5277,224.2984,197.2847,15.6225,45320186199.4514,3.991
2024-11-01,AAPL,Technology,231.598,232.9976,218.6443,221.2648,248222115.0,-3.6731,224.5505,198.1848,17.656,54922816631.052,6.5647
2024-11-08,AAPL,Technology,219.6006,227.2224,218.3287,225.5331,208083442.0,1.929,225.4071,198.9772,17.5338,46929703732.9302,4.0736
2024-11-15,AAPL,Technology,223.5854,227.4311,220.1074,223.5854,223817755.0,-0.8636,225.3458,199.6697,15.0503,50042382278.777,3.3273
2024-11-22,AAPL,Technology,223.8338,229.2694,223.7543,228.4248,196343939.0,2.1645,225.5965,200.4498,15.662,44849824997.2872,2.4648
2024-11-29,AAPL,Technology,230.0048,236.3149,228.2956,235.8379,198118837.0,3.2453,226.2525,201.3484,16.8114,46723930468.5223,3.5127
2024-12-06,AAPL,Technology,235.7782,243.0919,235.6689,241.3132,208286552.0,2.3216,227.9543,202.2673,14.9443,50262294380.0864,3.1498
2024-12-13,AAPL,Technology,240.3096,249.2232,240.2301,246.57,192702674.0,2.1784,229.9322,203.2519,15.2103,47514698328.18,3.7435
2024-12-20,AAPL,Technology,246.4309,253.3968,244.1453,252.89,368202745.0,2.5632,231.961,204.4335,15.2109,93114792183.05,3.7893
2024-12-27,AAPL,Technology,253.1683,258.4647,251.469,253.9831,133711783.0,0.4322,234.1051,205.6565,15.0763,33960533152.8673,2.7819
2025-01-03,AAPL,Technology,250.6442,251.9062,240.2998,241.83,171023105.0,-4.785,235.39,206.8616,18.8153,41358517482.15,4.83
2025-01-10,AAPL,Technology,242.774,245.775,231.5351,235.3609,185241327.0,-2.6751,236.1201,207.8522,19.9185,43598565439.9143,6.1502
2025-01-17,AAPL,Technology,232.0618,237.4576,226.5964,228.5341,269145341.0,-2.9006,235.7561,208.6042,19.8221,61508888274.6281,4.7932
2025-01-24,AAPL,Technology,222.5916,225.6026,218.0007,221.3793,277129596.0,-3.1307,235.1159,209.2023,20.5601,61350755971.7628,3.4871
2025-01-31,AAPL,Technology,222.6115,245.6358,222.5718,234.5162,372790494.0,5.9341,236.1352,210.178,22.5063,87425410049.0028,10.3625
2025-02-07,AAPL,Technology,228.5441,232.5289,224.281,226.1989,227428164.0,-3.5466,236.1864,210.9321,23.6291,51444000525.8196,3.6774
2025-02-14,AAPL,Technology,228.3772,244.2742,226.0195,243.3291,226587580.0,7.5731,237.7052,212.1402,27.8321,55135351912.578,8.0766
2025-02-21,AAPL,Technology,242.8814,247.3978,240.5834,244.2741,166541044.0,0.3884,238.9244,213.3624,27.6591,40681663636.1604,2.8325
2025-02-28,AAPL,Technology,243.6524,248.701,229.0039,240.5834,241760231.0,-1.5109,239.2894,214.5681,27.3099,58163498358.7654,8.6012
2025-03-07,AAPL,Technology,240.5337,242.7592,228.0389,237.8278,239653674.0,-1.1454,239.0213,215.8909,27.0319,56996306049.3372,6.4552
2025-03-14,AAPL,Technology,234.3161,234.9329,207.337,212.3807,331612070.0,-10.6998,236.3914,216.6883,33.8469,70428003555.049,13.3097
2025-03-21,AAPL,Technology,212.2017,217.7029,208.879,217.1359,287881958.0,2.239,233.641,217.5836,33.7033,62509508044.0922,4.2244
2025-03-28,AAPL,Technology,219.8517,223.8508,216.5489,216.7678,190239113.0,-0.1695,230.7783,218.487,33.609,41237713998.9614,3.3719
2025-04-04,AAPL,Technology,215.8775,224.4477,186.3666,187.4012,366947884.0,-13.5475,226.5915,218.862,41.422,68766473799.0608,20.4334
2025-04-11,AAPL,Technology,176.2793,199.5676,168.3309,197.1204,675037558.0,5.1863,223.6499,219.2911,43.615,133063673447.9832,18.5568
2025-04-17,AAPL,Technology,210.3414,211.8336,191.3705,195.9565,264593881.0,-0.5905,221.1439,219.9177,43.4644,51848890842.1765,10.6929
2025-04-25,AAPL,Technology,192.2608,208.6602,188.825,208.1926,238181320.0,6.2443,220.1296,220.6978,45.4722,49587588282.232,10.5045
2025-05-02,AAPL,Technology,208.9088,213.4451,201.1096,204.283,286233457.0,-1.8779,217.804,221.1346,43.4866,58472629296.331,6.1338
2025-05-09,AAPL,Technology,202.0448,203.0396,192.2459,197.4985,275784672.0,-3.3211,215.5962,221.4424,43.429,54467059042.992,5.6145
2025-05-16,AAPL,Technology,210.1327,213.0909,205.9294,210.4215,264778294.0,6.5433,213.0649,221.8688,42.6031,55715045790.921,3.4776
2025-05-23,AAPL,Technology,207.0848,208.6486,192.6922,194.495,273024261.0,-7.5689,209.2357,221.9867,44.4575,53101853643.195,8.2808
2025-05-30,AAPL,Technology,197.513,203.0012,195.9991,200.0529,223926033.0,2.8576,206.118,222.1683,45.3264,44797052287.1457,3.5725
2025-06-06,AAPL,Technology,199.4851,205.4215,199.3258,203.1107,227237774.0,1.5285,203.4474,222.3202,45.6596,46154423343.5818,3.0582
2025-06-13,AAPL,Technology,203.5788,205.1824,194.9233,195.6703,283877006.0,-3.6632,202.162,222.0315,41.1357,55546298927.1218,5.2632
2025-06-20,AAPL,Technology,196.517,200.8995,194.2958,200.2023,224085074.0,2.3161,200.8594,221.9254,41.158,44862347210.4702,3.3988
2025-06-27,AAPL,Technology,200.8247,202.8616,198.1703,200.2819,273391727.0,0.0398,199.5913,221.7611,41.1667,54755414527.8413,2.3673
2025-07-03,AAPL,Technology,201.2083,213.7981,198.4699,212.7025,273599330.0,6.2016,201.5375,221.5359,31.8291,58195261489.325,7.7232
2025-07-11,AAPL,Technology,211.8359,215.3718,206.3975,210.3219,226036726.0,-1.1192,202.553,221.1849,30.7753,47540473682.0994,4.348
2025-07-18,AAPL,Technology,209.0919,211.5571,206.7163,210.3419,225669714.0,0.0095,203.6596,220.953,30.6994,47467796415.2166,2.3417
2025-07-25,AAPL,Technology,211.2582,214.9236,210.79,213.0311,231062208.0,1.2785,204.0318,220.8939,28.2749,49223436338.6688,1.961
2025-08-01,AAPL,Technology,213.1806,213.9923,200.7003,201.5768,319915158.0,-5.3768,203.8236,220.5783,30.2144,64487473821.1344,6.6228
2025-08-08,AAPL,Technology,203.6933,230.0832,200.8745,228.4397,431826281.0,13.3264,206.2037,220.8484,39.3109,98646266083.7557,14.5407
2025-08-15,AAPL,Technology,227.2752,234.4548,224.1241,230.9348,295311911.0,1.0922,207.7817,220.9744,37.6109,68197797104.4028,4.6094
2025-08-22,AAPL,Technology,231.0446,232.4605,223.1474,227.1157,192241677.0,-1.6538,210.291,221.0119,33.5179,43661103041.0289,4.1736
2025-08-29,AAPL,Technology,225.8393,232.7497,224.0544,231.4833,194310890.0,1.9231,212.7087,221.0922,33.381,44979726043.137,3.8809
2025-09-05,AAPL,Technology,228.6014,240.6373,226.3279,239.0119,212557180.0,3.2523,215.4703,221.4733,33.6264,50803695450.442,6.3224
2025-09-12,AAPL,Technology,238.623,239.4706,225.3108,233.4078,304787017.0,-2.3447,218.3732,221.7147,32.8685,71139667106.5326,6.2846
2025-09-19,AAPL,Technology,236.3295,245.6032,234.3651,244.8055,360619530.0,4.8832,221.8042,222.0664,33.553,88281644351.415,4.7951
2025-09-26,AAPL,Technology,247.5976,256.8712,247.4181,254.7373,309374646.0,4.057,225.9931,222.617,33.6768,78809262010.4958,3.8207
2025-10-03,AAPL,Technology,253.8399,258.5066,252.2943,257.2901,218331739.0,1.0021,229.4229,223.2355,32.4238,56174594960.4839,2.4624
2025-10-10,AAPL,Technology,257.2601,258.3371,243.3097,244.5761,213437899.0,-4.9415,232.0578,223.5952,34.6211,52201808929.6139,6.1762
2025-10-17,AAPL,Technology,248.6745,252.6632,244.0078,251.5763,196438474.0,2.8622,235.2297,223.9473,34.6412,49419264466.5662,3.5472
2025-10-24,AAPL,Technology,255.1611,264.5395,254.7074,262.0765,253202889.0,4.1738,239.0024,224.5699,35.0465,66358526939.0085,3.8602
2025-10-31,AAPL,Technology,264.1306,276.5354,263.9014,269.6051,293563310.0,2.8727,244.2354,225.4996,31.5223,79146165548.881,4.7874
2025-11-07,AAPL,Technology,269.655,272.6266,265.4968,267.7105,241487127.0,-0.7027,247.2562,226.3107,21.117,64648639512.7335,2.6854
2025-11-14,AAPL,Technology,268.4579,276.1825,266.9557,271.9015,232952837.0,1.5655,250.4075,227.2398,21.1212,63340225809.5555,3.4563
2025-11-21,AAPL,Technology,268.3132,274.9158,264.8247,270.9832,235974430.0,-0.3377,253.7819,228.0582,20.4768,63945106159.576,3.8105
2025-11-28,AAPL,Technology,270.3943,279.8566,270.3943,278.3295,166067059.0,2.711,257.3855,228.8754,20.6233,46221361497.9405,3.4994
2025-12-05,AAPL,Technology,277.491,288.0812,275.6245,278.2596,235050842.0,-0.0251,260.4045,229.5859,20.4337,65405153274.5832,4.5194
2025-12-12,AAPL,Technology,277.6108,279.5072,273.2988,277.7605,173978918.0,-0.1794,263.8163,230.1857,19.2228,48324471253.139,2.2716
2025-12-19,AAPL,Technology,279.6271,279.6271,266.4517,273.1592,334459218.0,-1.6566,265.9973,230.5755,18.4944,91360612421.5056,4.9447
2025-12-26,AAPL,Technology,272.3507,274.9159,269.0569,272.8897,105646202.0,-0.0987,267.3937,230.9391,17.2218,28829760369.9194,2.1776
2026-01-02,AAPL,Technology,272.181,277.3214,268.4979,270.5041,110986523.0,-0.8742,268.4101,231.4905,17.4195,30022309516.2443,3.2862
2026-01-09,AAPL,Technology,270.1348,271.0031,255.2227,258.8858,236725388.0,-4.2951,269.5109,231.9429,16.5865,61284841452.6904,6.183
2026-01-16,AAPL,Technology,258.6762,261.3313,254.4541,255.053,242545372.0,-1.4805,269.7783,232.4529,16.132,61861924764.716,2.7027
2026-01-23,AAPL,Technology,252.2582,254.3144,242.9656,247.577,213320034.0,-2.9312,268.663,232.9567,14.5973,52813134057.618,4.6709
2026-01-30,AAPL,Technology,251.0105,261.461,249.3337,258.9956,305741477.0,4.6121,267.8469,233.4275,16.5768,79185697280.5012,4.8639
2026-02-06,AAPL,Technology,259.5446,280.3806,258.7211,277.6008,331689378.0,7.1836,268.6077,234.416,22.2475,92077236684.3024,8.3718
2026-02-13,AAPL,Technology,277.6489,279.9218,255.2146,255.5443,268299479.0,-7.9454,267.3494,234.6509,27.4651,68562402551.4197,9.681
2026-02-20,AAPL,Technology,257.8121,266.574,255.3044,264.3361,165588224.0,3.4404,266.8381,235.0367,28.5265,43770945338.0864,4.4142
2026-02-27,AAPL,Technology,263.2471,275.8555,262.6477,263.9365,222748735.0,-0.1512,265.7309,235.4858,27.863,58791521495.3275,5.0287
2026-03-06,AAPL,Technology,262.1681,266.2843,254.1355,257.2227,210978654.0,-2.5437,264.1127,235.8588,28.1936,54268499024.2458,4.7804
2026-03-13,AAPL,Technology,255.4544,262.2381,249.2901,249.8895,172752233.0,-2.8509,261.9688,236.5801,28.5527,43168969128.2535,5.194
2026-03-20,AAPL,Technology,251.8726,254.8948,245.7732,247.7614,223388853.0,-0.8516,260.0151,237.169,28.4857,55347134963.6742,3.7114
2026-03-27,AAPL,Technology,253.7359,256.7631,247.8414,248.5707,203871713.0,0.3266,258.1444,237.7806,28.5357,50676534410.6091,3.5998
2026-04-02,AAPL,Technology,249.8395,255.9439,245.2837,255.6841,160393105.0,2.8617,257.0044,239.0938,29.3707,41009966698.1305,4.3461
2026-04-10,AAPL,Technology,256.2736,261.9483,245.4735,260.2399,191923738.0,1.7818,257.1086,240.3076,28.3352,49946214384.7462,6.7114
2026-04-17,AAPL,Technology,259.4906,272.049,256.4234,269.9809,239278258.0,3.7431,258.2569,241.7311,28.9818,64600559445.2722,6.0937
2026-04-24,AAPL,Technology,270.0809,275.5159,265.1554,270.8102,201605877.0,0.3072,260.0441,242.9353,28.0217,54596927871.5454,3.9073
2026-05-01,AAPL,Technology,265.8447,286.9553,264.8257,279.8818,283297243.0,3.3498,261.6507,244.3891,27.3766,79289742305.8774,8.3563
2026-05-08,AAPL,Technology,279.3973,294.4884,274.6068,293.0497,252233246.0,4.7048,262.8391,246.2267,25.1799,73916877070.3262,7.24
2026-05-15,AAPL,Technology,291.979,303.2,290.23,300.23,230867432.0,2.4502,266.2764,247.9538,17.5408,69313329109.36,4.4689
2026-05-22,AAPL,Technology,300.24,311.4,294.91,308.82,200669745.0,2.8611,269.6983,250.1523,17.2669,61970830650.9,5.5915
2026-05-29,AAPL,Technology,309.56,315.0,307.67,312.06,216678554.0,1.0492,273.4001,252.3063,17.016,67616709561.24,2.3824
2026-06-05,AAPL,Technology,309.625,316.94,305.02,307.34,254400990.0,-1.5125,277.2552,254.3107,16.1011,78187600266.6,3.9079
2026-06-12,AAPL,Technology,308.739,317.4,287.38,291.13,282208481.0,-5.2743,280.4276,256.1465,19.2886,82159355073.53,10.4461
2026-06-18,AAPL,Technology,294.12,302.07,291.7,298.01,214314238.0,2.3632,284.2929,258.0274,18.8628,63867786066.38,3.555
2026-06-26,AAPL,Technology,297.31,302.42,273.75,283.78,519001811.0,-4.775,287.0013,259.6331,22.5861,147282333925.58,10.4731
2026-07-02,AAPL,Technology,286.73,309.42,279.85,308.63,257092015.0,8.7568,291.074,261.4779,27.2154,79346308589.45,10.5664
2026-07-10,AAPL,Technology,307.36,316.91,307.0,315.32,219660270.0,2.1676,295.311,263.4971,27.2422,69263276336.4,3.228
2026-07-17,AAPL,Technology,317.015,334.99,311.91,333.74,266929953.0,5.8417,300.2155,265.8701,28.2769,89085202514.22,7.3996
2019-01-04,MSFT,Technology,94.3364,95.4727,90.5272,94.9325,155142140.0,1.534,98.3083,93.6408,28.5493,14728031205.55,5.463
2019-01-11,MSFT,Technology,94.6624,97.68,94.0477,95.7428,157833149.0,0.8536,97.8575,93.9046,28.449,15111387618.0772,3.8622
2019-01-18,MSFT,Technology,94.9046,100.4927,94.3085,100.3157,155699162.0,4.7762,97.8234,94.2493,30.2221,15619070425.4434,6.5574
2019-01-25,MSFT,Technology,99.4216,100.4741,97.6614,99.8128,112628578.0,-0.5013,97.8719,94.5128,30.0507,11241773730.1984,2.88
2019-02-01,MSFT,Technology,98.9652,99.1701,95.156,95.7241,201611213.0,-4.0964,97.6629,94.7379,31.1986,19299051914.3333,4.2185
2019-02-08,MSFT,Technology,95.8079,99.9059,95.7148,98.4157,130472196.0,2.8118,97.4178,95.078,31.0226,12840512499.8772,4.3787
2019-02-15,MSFT,Technology,98.9094,100.8652,97.7638,100.7907,110757176.0,2.4132,97.4127,95.3891,31.4059,11163293299.0632,3.1723
2019-02-22,MSFT,Technology,100.8212,104.0107,99.4182,103.7956,96472580.0,2.9813,98.0129,95.7216,29.9707,10013429324.648,4.6194
2019-03-01,MSFT,Technology,104.5345,105.9188,103.7114,105.2547,119359497.0,1.4057,98.165,96.1,26.1004,12563148048.8859,2.1284
2019-03-08,MSFT,Technology,105.713,105.9282,101.7659,103.3653,111990712.0,-1.7951,98.6066,96.3803,23.5417,11575953543.0936,4.0901
2019-03-15,MSFT,Technology,103.8143,109.6696,103.8049,108.4162,173532134.0,4.8865,99.3501,96.7921,25.1275,18813694546.1708,5.6497
2019-03-22,MSFT,Technology,108.6594,113.0088,108.5472,109.4825,160388610.0,0.9835,100.7344,97.3556,17.9352,17559745994.325,4.1103
2019-03-29,MSFT,Technology,109.0242,111.0352,108.0515,110.315,119632716.0,0.7604,102.028,97.8628,17.895,13197283065.54,2.7614
2019-04-05,MSFT,Technology,111.2597,112.644,110.4646,112.1389,99731237.0,1.6534,103.3515,98.4234,17.9031,11183751212.8193,1.9729
2019-04-12,MSFT,Technology,112.0641,113.1585,110.9136,113.1304,83159600.0,0.8842,104.689,98.9527,17.8997,9407878811.84,2.024
2019-04-18,MSFT,Technology,113.121,115.5342,112.3353,115.3939,77156295.0,2.0008,105.8489,99.4916,16.3733,8903365789.6005,2.8476
2019-04-26,MSFT,Technology,114.6924,122.8767,114.6456,121.4924,132620050.0,5.2849,107.5166,100.1333,17.9267,16112328162.62,7.1796
2019-05-03,MSFT,Technology,121.5017,122.25,117.4049,120.5664,119573665.0,-0.7622,109.4275,100.7688,14.2344,14416566323.856,4.1268
2019-05-10,MSFT,Technology,118.2186,120.2483,115.581,118.9108,146827040.0,-1.3732,111.0041,101.3275,15.3714,17459320788.032,4.0382
2019-05-17,MSFT,Technology,116.5098,122.4709,115.5053,120.2273,139816701.0,1.1071,112.4992,101.928,15.2516,16809784456.1373,6.0306
2019-05-24,MSFT,Technology,118.7723,120.3869,117.1013,118.5094,92123847.0,-1.4289,113.631,102.4598,15.7935,10917541833.6618,2.8058
2019-05-31,MSFT,Technology,119.204,120.1616,115.7681,116.1061,89367881.0,-2.0279,114.4657,102.9023,16.9089,10376156128.1741,3.795
2019-06-07,MSFT,Technology,116.2657,124.1513,111.7221,123.3534,147636968.0,6.242,116.0033,103.4692,19.0982,18211521968.4912,11.1251
2019-06-14,MSFT,Technology,124.2922,126.0195,122.7057,124.3391,102505844.0,0.7991,117.2281,104.0817,17.5526,12745484387.7004,2.7006
2019-06-21,MSFT,Technology,124.5081,129.2958,124.4142,128.5823,133967168.0,3.4126,118.6973,104.7708,18.1529,17225806585.9264,3.9236
2019-06-28,MSFT,Technology,128.6104,129.9247,124.6019,125.7566,124214457.0,-2.1976,119.8852,105.4376,19.4339,15620787783.1662,4.2718
2019-07-05,MSFT,Technology,128.2631,129.3052,126.7048,128.6668,69662439.0,2.3142,121.1565,106.115,19.5679,8963243106.3252,2.0523
2019-07-12,MSFT,Technology,128.0472,130.6945,127.0803,130.3941,102201981.0,1.3425,122.4845,106.7499,19.5678,13326535330.7121,2.8441
2019-07-19,MSFT,Technology,130.901,132.0557,126.4231,128.2537,139389612.0,-1.6415,123.4737,107.3286,20.2122,17877233480.5644,4.4553
2019-07-26,MSFT,Technology,128.9954,133.0039,128.9203,132.6847,101248083.0,3.4549,124.3347,107.9675,18.7514,13434071518.4301,3.1676
2019-08-02,MSFT,Technology,132.8349,132.8443,126.8081,128.5166,143400310.0,-3.1414,124.9462,108.5198,20.1154,18429320280.146,4.7601
2019-08-09,MSFT,Technology,125.1371,130.8447,122.7714,129.277,159823950.0,0.5917,125.7436,109.0697,19.6901,20661560784.15,6.5759
2019-08-16,MSFT,Technology,129.118,130.7476,124.5776,128.2325,131659759.0,-0.808,126.3594,109.6173,19.8812,16883060045.9675,4.9527
2019-08-23,MSFT,Technology,129.8528,131.3976,125.0957,125.6515,117766903.0,-2.0128,126.9088,110.1007,20.163,14797588012.3045,5.0377
2019-08-30,MSFT,Technology,127.1586,131.1055,125.8021,129.8621,104909787.0,3.351,127.967,110.5949,20.1259,13623805250.3727,4.2156
2019-09-06,MSFT,Technology,128.6847,132.2359,127.8274,131.0302,83840107.0,0.8995,128.5575,111.1851,16.4895,10985585988.2314,3.4488
2019-09-13,MSFT,Technology,131.4918,131.6425,126.7065,129.3535,129776465.0,-1.2796,128.9432,111.651,16.8407,16787039965.3775,3.8956
2019-09-20,MSFT,Technology,127.9499,134.1105,127.7898,131.3505,135317290.0,1.5438,129.1561,112.1394,15.7368,17773993700.145,4.9462
2019-09-27,MSFT,Technology,131.1527,132.528,128.1383,129.7397,110281568.0,-1.2263,129.4625,112.5949,15.2105,14307897547.8496,3.4257
2019-10-04,MSFT,Technology,130.0411,132.1134,125.4913,130.107,123233428.0,0.2831,129.5733,113.0974,14.5503,16033531616.796,5.277
2019-10-11,MSFT,Technology,129.1839,132.8482,127.752,131.5765,107510772.0,1.1295,129.6643,113.6738,14.4778,14145891092.058,3.9891
2019-10-18,MSFT,Technology,131.5859,133.5641,128.6375,129.4382,107104735.0,-1.6251,129.7554,114.2254,14.4694,13863444109.877,3.8298
2019-10-25,MSFT,Technology,130.4179,132.9518,127.7426,132.5656,142631768.0,2.4161,129.7462,114.8673,13.5418,18908065903.9808,4.0779
2019-11-01,MSFT,Technology,136.0228,137.2191,134.3743,135.3822,131732463.0,2.1247,130.2743,115.5778,12.2683,17834230652.3586,2.1171
2019-11-08,MSFT,Technology,136.4278,137.5205,134.8923,137.4922,86277623.0,1.5586,130.9063,116.2679,12.4794,11862500197.0406,1.9483
2019-11-15,MSFT,Technology,136.9082,141.2884,136.3336,141.2696,93727027.0,2.7474,131.9091,117.0451,12.8973,13240779613.4792,3.6344
2019-11-22,MSFT,Technology,141.8456,143.0365,140.3238,141.3919,105652749.0,0.0866,133.1199,117.9182,11.5533,14938442921.3331,1.9332
2019-11-29,MSFT,Technology,141.7794,144.1424,141.7038,143.0838,74242278.0,1.1966,134.137,118.6837,10.3308,10622867256.8964,1.7209
2019-12-06,MSFT,Technology,143.4903,143.547,138.6131,143.4336,104537379.0,0.2445,135.0911,119.5646,10.3749,14994172604.5344,3.5595
2019-12-13,MSFT,Technology,142.7908,146.4015,142.0914,146.0612,100577839.0,1.8319,136.3763,120.4744,9.6319,14690519857.7468,3.0333
2019-12-20,MSFT,Technology,146.6094,149.8042,145.324,148.7834,153142114.0,1.8637,137.7173,121.5763,9.7385,22785004404.1076,3.0829
2019-12-27,MSFT,Technology,149.4544,150.8061,148.5092,150.2484,59656712.0,0.9847,139.2949,122.6676,8.5015,8963325527.2608,1.5466
2020-01-03,MSFT,Technology,150.2768,151.9215,147.876,149.9271,78506330.0,-0.2138,140.8195,123.7252,8.7727,11770226388.543,2.7357
2020-01-10,MSFT,Technology,148.4715,154.275,147.9327,152.498,112604365.0,1.7148,142.4289,124.8167,8.8579,17171940453.77,4.2873
2020-01-17,MSFT,Technology,152.895,158.292,152.4224,157.9423,121822087.0,3.5701,144.6215,125.9249,7.8448,19240860611.5801,3.8509
2020-01-24,MSFT,Technology,157.5453,158.9726,155.4375,155.9952,97961146.0,-1.2328,146.4238,127.0053,9.3461,15281468562.4992,2.2742
2020-01-31,MSFT,Technology,152.3184,164.5115,151.4205,160.9008,179845938.0,3.1447,148.3867,128.2587,9.9544,28937355300.9504,8.6454
2020-02-07,MSFT,Technology,161.0899,175.4568,161.0615,173.8122,167049170.0,8.0244,151.1806,129.7086,16.6804,29035183745.874,8.9378
2020-02-14,MSFT,Technology,173.5192,180.249,171.884,175.1922,194512444.0,0.794,153.79,131.1394,16.6792,34077062991.7368,4.8666
2020-02-21,MSFT,Technology,175.9156,178.3514,167.9923,169.2623,143313345.0,-3.3848,155.9339,132.3984,19.3578,24257546395.3935,6.1664
2020-02-28,MSFT,Technology,159.0075,165.7082,144.0611,153.5483,383019972.0,-9.2838,156.7388,133.3271,28.895,58812065566.6476,15.0263
2020-03-06,MSFT,Technology,156.676,165.8599,147.8522,153.1313,313160520.0,-0.2716,157.4848,134.2842,28.9424,47954677536.276,12.1795
2020-03-13,MSFT,Technology,143.1134,153.4535,131.342,150.5344,378231775.0,-1.6959,157.8289,135.0941,29.1405,56936893310.56,16.835
2020-03-20,MSFT,Technology,132.6879,142.3078,127.949,130.1763,421347734.0,-13.5239,156.3976,135.4921,39.8612,54849489025.5042,11.2222
2020-03-27,MSFT,Technology,129.854,148.4777,125.5985,141.8812,358866845.0,8.9916,155.754,136.0991,44.4342,50916458608.814,18.2161
2020-04-03,MSFT,Technology,144.4781,156.1736,142.175,145.7955,290191457.0,2.7589,155.4362,136.7464,44.8432,42308608569.0435,9.846
2020-04-09,MSFT,Technology,151.9465,161.121,149.3497,156.5148,229630744.0,7.3523,155.7451,137.5807,47.1519,35940609971.0112,7.8817
2020-04-17,MSFT,Technology,155.7661,170.5987,153.8231,169.2718,238965670.0,8.1507,156.6166,138.6168,49.3249,40450149099.106,10.9057
2020-04-24,MSFT,Technology,167.4047,169.4139,157.4341,165.4333,194621072.0,-2.2677,157.3426,139.4618,49.5486,32196806190.4976,7.6094
2020-05-01,MSFT,Technology,167.3668,170.9778,160.5428,165.4523,212119968.0,0.0115,157.6928,140.325,49.2676,35095736581.5264,6.4998
2020-05-08,MSFT,Technology,165.3764,175.3375,164.7225,175.0342,158579959.0,5.7913,157.7868,141.4043,47.962,27756916259.5978,6.4442
2020-05-15,MSFT,Technology,173.5841,177.7164,166.5043,173.5936,196126640.0,-0.823,157.6638,142.4306,47.9935,34046329493.504,6.7338
2020-05-22,MSFT,Technology,176.5319,177.4063,173.4812,174.4031,143226709.0,0.4663,158.0592,143.5055,47.3824,24979182052.3979,2.2625
2020-05-29,MSFT,Technology,177.0927,177.2447,167.836,174.156,151569299.0,-0.1417,159.6444,144.6218,42.5366,26396702836.644,5.6059
2020-06-05,MSFT,Technology,173.4813,178.4137,172.3503,177.91,149429874.0,2.1555,161.5505,145.671,42.4649,26585068883.34,3.5181
2020-06-12,MSFT,Technology,176.7125,188.6682,175.287,178.4232,203096094.0,0.2885,163.6958,146.7111,42.0365,36237054998.9808,7.6339
2020-06-19,MSFT,Technology,175.42,189.4,174.8783,185.4655,168517456.0,3.947,167.9488,147.805,26.7681,31254174235.768,8.3039
2020-06-26,MSFT,Technology,186.0737,193.8287,185.2089,186.5869,182956736.0,0.6046,171.3877,148.9748,23.4398,34137330204.3584,4.6541
2020-07-02,MSFT,Technology,186.0642,197.6968,183.9448,196.0241,122405847.0,5.0578,175.2514,150.2701,24.1281,23994495992.9127,7.4761
2020-07-10,MSFT,Technology,198.4666,205.6419,197.6683,203.0664,158537665.0,3.5926,178.8323,151.6677,21.8133,32193672895.956,4.0338
2020-07-17,MSFT,Technology,203.8362,205.0907,191.3958,192.8119,169559618.0,-5.0498,180.6431,152.9092,21.829,32693112109.8542,7.1553
2020-07-24,MSFT,Technology,194.8267,203.323,187.7084,191.3103,230978319.0,-0.7788,182.6337,154.0366,21.0376,44188531501.3857,8.3186
2020-07-31,MSFT,Technology,191.4719,194.9217,189.134,194.8362,149372422.0,1.843,184.894,155.3119,20.9217,29103155087.2764,3.0601
2020-08-07,MSFT,Technology,201.023,206.8393,199.8731,201.9354,217598950.0,3.6437,186.9633,156.7092,19.304,43940931007.83,3.4853
2020-08-14,MSFT,Technology,201.1656,201.3652,193.0589,198.5331,141752091.0,-1.6848,188.8817,158.0612,19.7552,28142482057.7121,4.3025
2020-08-21,MSFT,Technology,199.6828,206.0182,199.0255,202.941,132258021.0,2.2202,191.0769,159.5475,19.8332,26840575039.761,3.5135
2020-08-28,MSFT,Technology,204.6273,220.2132,202.3789,218.0792,171999762.0,7.4594,194.4556,161.244,23.1427,37509570497.1504,8.8123
2020-09-04,MSFT,Technology,216.2595,221.8423,195.4815,204.1128,206710590.0,-6.4043,196.4712,162.6494,28.3145,42192277314.552,13.4851
2020-09-11,MSFT,Technology,196.7295,204.6748,191.7184,194.3764,167684903.0,-4.7701,197.6984,163.8999,30.6778,32593987779.4892,6.7581
2020-09-18,MSFT,Technology,194.5764,200.6832,186.9645,190.9086,167808757.0,-1.7841,198.1171,165.0452,30.2234,32036134866.6102,7.3376
2020-09-25,MSFT,Technology,187.8601,199.1494,187.0884,197.9871,164800307.0,3.7078,198.994,166.3577,30.9848,32628334862.0397,6.4467
2020-10-02,MSFT,Technology,200.9023,203.8651,195.815,196.4342,150611695.0,-0.7843,199.0256,167.6332,29.4613,29585287817.969,4.1111
2020-10-09,MSFT,Technology,197.4154,205.6466,195.129,205.599,121950760.0,4.6656,199.2204,169.0567,30.0851,25072954305.24,5.3901
2020-10-16,MSFT,Technology,208.438,214.5542,205.7895,209.2668,141654870.0,1.784,200.4862,170.5918,27.972,29643661349.316,4.2591
2020-10-23,MSFT,Technology,209.9861,211.7819,201.6834,205.9991,114335316.0,-1.5615,201.6161,172.004,28.1944,23552972194.2156,5.0071
2020-10-30,MSFT,Technology,203.7318,206.1039,190.175,192.8902,193420153.0,-6.3636,201.4664,173.11,31.2863,37308851996.2006,8.3759
2020-11-06,MSFT,Technology,194.624,213.7444,190.6513,213.1347,161978002.0,10.4953,202.3279,174.5646,37.1806,34523132862.8694,12.1127
2020-11-13,MSFT,Technology,213.8159,217.3266,199.7972,206.2659,158127280.0,-3.2228,202.9227,175.8145,37.7023,32616265723.752,8.7736
2020-11-20,MSFT,Technology,205.2466,207.988,200.5278,200.9672,125116110.0,-2.5689,202.7709,176.9602,37.9267,25144234301.592,3.7203
2020-11-27,MSFT,Technology,201.5021,206.5838,198.837,205.5904,95039045.0,2.3005,201.8102,178.1623,34.837,19539115277.168,3.896
2020-12-04,MSFT,Technology,204.511,207.5868,201.3923,204.7594,137074249.0,-0.4042,201.8599,179.3416,32.2896,28067240980.6906,3.0759
2020-12-11,MSFT,Technology,204.769,207.2334,199.7446,203.7087,137791151.0,-0.5131,202.5778,180.4502,30.5758,28069256241.7137,3.7492
2020-12-18,MSFT,Technology,203.5559,210.997,202.7344,208.8,186710444.0,2.4993,203.9541,181.6044,30.424,38985140707.2,4.0756
2020-12-24,MSFT,Technology,207.8065,215.5246,207.5487,212.7736,89075493.0,1.9031,205.0915,182.8068,29.8785,18952913317.3848,3.8429
2020-12-31,MSFT,Technology,214.3975,217.0052,209.8411,212.4584,76380383.0,-0.1481,206.3241,184.0093,29.7747,16227653963.5672,3.4141
2021-01-08,MSFT,Technology,212.5635,213.0124,202.4478,209.7838,147534431.0,-1.2589,206.646,185.111,28.6773,30950333566.0178,5.2185
2021-01-15,MSFT,Technology,208.6853,209.1056,202.5338,203.126,127375699.0,-3.1736,206.1736,185.9799,29.2193,25873316235.074,3.2448
2021-01-22,MSFT,Technology,204.1767,219.7658,203.1069,215.8303,129180335.0,6.2544,206.9299,187.1306,31.6679,27881030457.1505,8.202
2021-01-29,MSFT,Technology,218.8584,231.7729,214.1779,221.5712,243806631.0,2.6599,209.1361,188.2973,28.2136,54020527798.6272,8.2151
2021-02-05,MSFT,Technology,224.5323,234.1131,222.0201,231.3525,129501505.0,4.4145,210.5375,189.4038,21.2343,29960496935.5125,5.4468
2021-02-12,MSFT,Technology,232.26,234.9059,230.0248,234.0176,100112782.0,1.152,212.6722,190.5351,19.4875,23428152972.9632,2.122
2021-02-19,MSFT,Technology,234.5926,235.6457,229.9492,230.7055,90368267.0,-1.4153,214.9598,191.7167,18.69,20848456222.3685,2.4773
2021-02-26,MSFT,Technology,227.3067,227.795,218.1731,222.4814,169414358.0,-3.5648,216.2591,193.0423,20.6345,37691543547.9412,4.4102
2021-03-05,MSFT,Technology,225.8514,227.3546,214.7073,221.7346,168775377.0,-0.3357,217.5649,194.3616,20.6198,37423340708.9442,5.8905
2021-03-12,MSFT,Technology,221.5144,228.9821,217.455,225.7078,150656031.0,1.7919,219.2571,195.8073,20.5708,34004241313.7418,5.3009
2021-03-19,MSFT,Technology,224.9514,229.8294,219.58,220.5378,164979946.0,-2.2906,220.16,197.545,21.1092,36384314334.9588,4.6677
2021-03-26,MSFT,Technology,220.4612,230.782,220.3368,226.4067,146927214.0,2.6612,221.2087,199.1705,21.3863,33265305661.9338,4.7406
2021-04-01,MSFT,Technology,226.5121,232.4958,221.2559,232.0267,123980920.0,2.4823,222.714,200.8288,21.6758,28766883730.564,5.0801
2021-04-09,MSFT,Technology,232.4192,245.0856,232.3617,244.9516,130514397.0,5.5704,225.4192,202.5295,23.2206,31969710368.1852,5.4759
2021-04-16,MSFT,Technology,243.8602,249.8822,243.774,249.6333,124563138.0,1.9113,228.9967,204.0749,21.1618,31095107197.2954,2.5057
2021-04-23,MSFT,Technology,249.1068,250.6291,244.7506,250.0259,114067956.0,0.1573,231.6271,205.7017,18.7769,28519943360.0604,2.4018
2021-04-30,MSFT,Technology,250.5142,251.979,238.3935,241.438,169214799.0,-3.4348,233.1553,207.1629,20.5522,40854882640.962,5.6988
2021-05-07,MSFT,Technology,242.606,243.5155,234.267,241.706,127807942.0,0.111,233.9518,208.4451,18.9191,30891946429.052,3.9479
2021-05-14,MSFT,Technology,240.1837,241.0071,227.929,237.5796,153151228.0,-1.7072,234.2258,209.6756,19.2673,36385607487.7488,5.7378
2021-05-21,MSFT,Technology,236.5915,238.2996,228.9626,235.2672,114541724.0,-0.9733,234.5767,210.8461,19.1316,26947910688.6528,4.078
2021-05-28,MSFT,Technology,237.7766,242.7234,237.5127,239.5951,99588636.0,1.8396,235.8931,212.1045,17.5302,23860949201.2836,2.1939
2021-06-04,MSFT,Technology,241.0824,241.4855,233.1849,240.6602,93208820.0,0.4445,237.3489,213.3112,17.4191,22431653262.964,3.5597
2021-06-11,MSFT,Technology,239.8829,248.0461,239.7198,247.4734,107035149.0,2.831,239.0232,214.6391,17.8311,26488352242.5366,3.4734
2021-06-18,MSFT,Technology,247.483,251.7053,244.1436,248.9512,128993727.0,0.5972,241.2088,215.86,16.598,32113143129.1224,3.0972
2021-06-25,MSFT,Technology,249.3255,257.0312,247.5023,254.3155,117966870.0,2.1548,243.3557,217.1625,16.4029,30000803527.485,3.85
2021-07-02,MSFT,Technology,255.4334,266.7712,255.1695,266.4353,104384023.0,4.7657,246.0025,218.5165,17.9106,27811588483.2119,4.5467
2021-07-09,MSFT,Technology,266.8,269.3568,263.2206,266.7136,103360847.0,0.1045,247.6765,219.7405,15.1131,27567743602.4192,2.3312
2021-07-16,MSFT,Technology,267.8814,272.6248,265.4085,269.4101,116956560.0,1.011,249.1978,221.2136,14.9003,31509278525.256,2.7189
2021-07-23,MSFT,Technology,267.667,278.2769,263.3646,277.9698,129711825.0,3.1772,251.3473,222.8801,15.7069,36055970052.885,5.6622
2021-07-30,MSFT,Technology,277.3269,278.4304,271.5213,273.4021,129074080.0,-1.6432,253.8061,224.391,13.8986,35289124527.568,2.5446
2021-08-06,MSFT,Technology,274.7935,277.9314,272.2793,277.7683,80827209.0,1.597,256.5801,225.8493,13.8145,22451236437.6747,2.0758
2021-08-13,MSFT,Technology,278.0466,281.0694,273.6804,281.0214,80543547.0,1.1712,259.9218,227.4356,12.4156,22634460338.9058,2.6999
2021-08-20,MSFT,Technology,281.8895,294.052,277.5149,292.629,135072369.0,4.1305,264.3342,229.1604,12.5373,39526092268.101,5.959
2021-08-27,MSFT,Technology,291.557,293.8693,285.3893,288.1679,101283798.0,-1.5245,268.0706,230.5082,14.0913,29186739373.6842,2.9714
2021-09-03,MSFT,Technology,289.5091,293.427,288.6101,289.5331,92659391.0,0.4738,271.8301,232.1509,14.0824,26827960720.3421,1.669
2021-09-10,MSFT,Technology,289.4033,290.4946,283.9951,284.3124,71791265.0,-1.8031,274.6638,233.8805,15.124,20411146851.186,2.2886
2021-09-17,MSFT,Technology,286.0815,293.552,282.7453,288.3121,134785958.0,1.4068,277.6916,235.7536,15.0956,38860422601.4918,3.8221
2021-09-24,MSFT,Technology,284.9085,289.3024,278.361,287.8121,120872685.0,-0.1734,280.2682,237.481,15.1458,34788621302.4885,3.9306
2021-10-01,MSFT,Technology,284.7259,285.0431,270.4482,277.9572,155541590.0,-3.4241,281.1545,239.0488,15.1239,43233904839.948,5.3966
2021-10-08,MSFT,Technology,276.3227,285.2075,269.4483,283.4856,122462501.0,1.9889,282.4447,240.5466,15.4591,34716355573.4856,5.8487
2021-10-15,MSFT,Technology,281.63,292.7155,281.0819,292.4848,113344507.0,3.1745,284.2197,242.1469,16.3539,33151545460.9936,4.1389
2021-10-22,MSFT,Technology,291.8695,299.0996,291.0234,297.244,91315937.0,1.6272,285.7023,243.9017,15.5954,27143114377.628,2.7751
2021-10-29,MSFT,Technology,297.4363,319.2037,294.648,318.8383,159314433.0,7.2648,289.1974,246.3237,19.8037,50795542983.1839,8.3339
2021-11-05,MSFT,Technology,318.5835,325.732,313.7907,323.1072,120621826.0,1.3389,292.685,248.4386,19.7894,38973780457.7472,3.8055
2021-11-12,MSFT,Technology,324.2994,325.6647,317.2039,323.7418,106622220.0,0.1964,295.9712,250.6977,19.8921,34518069422.796,2.6673
2021-11-19,MSFT,Technology,325.1235,332.4054,321.7465,330.4886,101090157.0,2.084,298.8835,253.1885,18.9529,33409144460.7102,3.3128
2021-11-26,MSFT,Technology,331.943,336.8073,316.05,317.5526,107337225.0,-3.9142,301.1438,255.3417,20.8267,34085214875.535,6.5677
2021-12-03,MSFT,Technology,322.6192,326.7995,306.3312,311.128,177395495.0,-2.0232,302.805,257.3872,21.5751,55192705568.36,6.6818
2021-12-10,MSFT,Technology,312.0334,330.3827,307.4871,329.9396,146125332.0,6.0463,306.3148,259.8147,23.4254,48212533589.9472,7.446
2021-12-17,MSFT,Technology,328.148,331.1436,305.5798,311.8889,191737796.0,-5.4709,308.1284,261.7972,26.937,59800890282.8644,8.3656
2021-12-23,MSFT,Technology,308.2768,324.0158,305.8881,322.3783,97516470.0,3.3632,310.7873,263.905,27.3819,31437193820.601,5.9263
2021-12-31,MSFT,Technology,323.12,331.6349,323.0911,323.9484,84417803.0,0.487,314.3251,266.049,25.7478,27347012213.3652,2.6444
2022-01-07,MSFT,Technology,323.014,325.5665,298.6832,302.4879,174012812.0,-6.6247,315.7868,267.8318,30.0676,52636770074.9748,9.0006
2022-01-14,MSFT,Technology,298.1005,311.5133,292.5765,298.7892,193141391.0,-1.2228,316.2718,269.6715,29.7079,57708561703.7772,6.4724
2022-01-21,MSFT,Technology,292.8846,302.362,284.7358,285.1404,180568678.0,-4.568,315.3407,271.0044,31.0118,51487425072.3912,6.1904
2022-01-28,MSFT,Technology,281.4514,297.1518,265.8955,296.9206,352537899.0,4.1314,313.6547,272.4534,28.2376,104675764493.8194,11.7551
2022-02-04,MSFT,Technology,297.5852,303.5282,288.9259,294.6859,202857381.0,-0.7526,311.4685,273.6713,27.9639,59779209891.6279,5.054
2022-02-11,MSFT,Technology,294.9075,300.4556,283.3971,284.1869,176800964.0,-3.5628,308.4258,274.6361,28.4848,50244517876.1716,6.0193
2022-02-18,MSFT,Technology,283.5493,290.4023,276.344,277.9125,160446684.0,-2.2078,304.3815,275.544,27.8053,44590139067.15,5.0872
2022-02-25,MSFT,Technology,275.0845,287.2751,262.0735,286.9662,168916893.0,3.2578,302.0287,276.7841,28.5239,48473438900.0166,9.6162
2022-03-04,MSFT,Technology,284.0706,292.5837,277.1742,279.7754,157402366.0,-2.5058,299.6169,277.9002,28.6368,44037309908.5964,5.5595
2022-03-11,MSFT,Technology,278.4917,279.6113,260.6063,270.326,184358475.0,-3.3775,295.0313,278.7583,24.9195,49836889112.85,7.2926
2022-03-18,MSFT,Technology,270.5866,290.5278,266.2238,289.9776,175744631.0,7.2696,293.3458,280.0936,28.7752,50962006310.2656,9.1291
2022-03-25,MSFT,Technology,288.4912,294.8713,284.6401,293.1146,128192615.0,1.0818,291.0947,281.3765,27.7981,37575127068.679,3.5944
2022-04-01,MSFT,Technology,293.742,304.9577,293.742,298.6549,148667745.0,1.8901,289.1491,282.6578,28.1881,44400350516.2005,3.8182
2022-04-08,MSFT,Technology,299.3015,304.1469,285.972,286.638,143204193.0,-4.0237,287.9299,283.4595,26.1681,41047763473.134,6.3555
2022-04-14,MSFT,Technology,281.6382,282.4297,269.602,270.0943,115664768.0,-5.7716,285.7226,283.8529,28.3164,31240394547.6224,4.758
2022-04-22,MSFT,Technology,269.2063,283.0957,263.8687,264.4961,124741446.0,-2.0727,284.1345,284.1312,27.2606,32993625975.3606,7.2866
2022-04-29,MSFT,Technology,263.7819,280.8564,260.6063,267.8647,211924047.0,1.2736,281.8995,284.6394,25.7066,56766971272.4409,7.7704
2022-05-06,MSFT,Technology,268.0481,280.7599,261.8322,265.1718,175633827.0,-1.0053,279.6292,285.0907,25.7125,46573138046.4786,7.229
2022-05-13,MSFT,Technology,260.6643,264.2259,241.3215,252.0353,221997169.0,-4.954,277.156,285.3687,26.51,55951123088.0657,9.4912
2022-05-20,MSFT,Technology,251.5231,259.6265,238.4465,244.368,164627282.0,-3.0422,274.5756,285.5437,26.7457,40229639647.776,8.8825
2022-05-27,MSFT,Technology,247.2029,264.474,245.2098,264.3772,142680141.0,8.1881,272.838,286.0203,31.4825,37721376173.1852,7.8562
2022-06-03,MSFT,Technology,263.6902,268.6828,253.1147,261.2616,135187036.0,-1.1785,271.4139,286.4165,31.2347,35319181324.6176,6.1506
2022-06-10,MSFT,Technology,263.2354,265.2867,244.3389,244.784,120518929.0,-6.3069,269.4491,286.3647,32.9319,29501105516.336,8.5732
2022-06-17,MSFT,Technology,237.1596,247.0191,233.6764,239.6172,184152944.0,-2.1108,265.5752,286.1852,28.1314,44126212813.0368,5.7099
2022-06-24,MSFT,Technology,242.1377,259.2878,241.4169,259.0169,115674192.0,8.0961,262.9523,286.2756,33.7382,29961570621.8448,7.4025
2022-07-01,MSFT,Technology,259.5055,259.5975,244.697,251.1603,126633760.0,-3.0332,259.2989,285.9819,33.4426,31805373151.728,6.0894
2022-07-08,MSFT,Technology,247.8512,260.328,246.4773,258.9782,87314678.0,3.1127,257.1712,285.8331,33.8984,22612598142.0196,5.6195
2022-07-15,MSFT,Technology,257.0333,257.8848,237.9627,248.393,139761854.0,-4.0873,255.5019,285.429,32.9558,34715866200.622,8.372
2022-07-22,MSFT,Technology,251.3248,256.7238,245.084,251.915,113061843.0,1.4179,254.5341,284.9279,32.9953,28481974179.345,4.7493
2022-07-29,MSFT,Technology,252.5294,272.853,241.4749,271.6339,172010083.0,7.8276,254.824,284.8939,36.7248,46723769684.6137,12.9944
2022-08-05,MSFT,Technology,268.8086,274.5946,263.5451,273.7335,102685912.0,0.773,255.4826,284.8163,36.6388,28108574092.452,4.1927
2022-08-12,MSFT,Technology,274.8365,282.4416,268.6054,282.4416,109536514.0,3.1812,257.8216,284.8436,35.1047,30937668272.5824,5.1511
2022-08-19,MSFT,Technology,282.1604,285.2438,276.8856,277.4577,92198119.0,-1.7646,260.3669,284.5519,34.558,25581078042.0663,3.0186
2022-08-26,MSFT,Technology,273.5113,273.8798,259.8396,259.9463,104858212.0,-6.3114,260.0261,284.0091,33.8038,27257504234.0156,5.4034
2022-09-02,MSFT,Technology,257.7743,259.2772,246.74,248.2817,113799087.0,-4.4873,259.0276,283.2159,34.9205,28254230778.8079,5.0811
2022-09-09,MSFT,Technology,248.4174,257.1731,244.2868,256.4265,87823670.0,3.2805,259.9232,282.6796,32.9646,22520316315.255,5.2751
2022-09-16,MSFT,Technology,257.7065,259.3257,234.7096,237.3056,147336678.0,-7.4567,259.7454,281.6987,36.3288,34963818774.7968,10.4879
2022-09-23,MSFT,Technology,235.0996,240.1368,228.0553,230.6927,147215927.0,-2.7867,257.5666,280.6002,32.1543,33961639682.6329,5.2976
2022-09-30,MSFT,Technology,229.8443,234.9687,225.6604,225.8252,146921666.0,-2.1099,255.6178,279.5977,31.928,33178614608.7832,4.125
2022-10-07,MSFT,Technology,228.259,242.9681,226.087,227.1245,142125397.0,0.5754,253.1675,278.5138,30.9965,32280159730.9265,7.4667
2022-10-14,MSFT,Technology,225.9707,230.0334,212.4736,221.6171,154871905.0,-2.4248,251.1078,277.151,30.4334,34322262457.5755,8.2645
2022-10-21,MSFT,Technology,228.6566,236.5202,227.173,234.7652,122568305.0,5.9328,249.7886,275.9495,33.0782,28774772636.986,4.1146
2022-10-28,MSFT,Technology,236.3553,243.4142,218.9215,228.705,223443932.0,-2.5814,246.4864,274.2161,27.953,51102744468.06,11.1879
2022-11-04,MSFT,Technology,226.6591,228.579,206.9477,214.6649,170779529.0,-6.139,241.9426,272.1307,29.1824,36660370514.8321,10.4526
2022-11-11,MSFT,Technology,215.2467,240.4569,214.5582,239.6036,170431704.0,11.6175,238.6474,270.5127,38.7138,40836049832.5344,12.0707
2022-11-18,MSFT,Technology,235.2943,240.1707,231.0598,234.5505,137343796.0,-2.1089,235.3468,268.6677,38.7445,32214056023.698,3.9431
2022-11-25,MSFT,Technology,234.7547,241.8236,234.0546,240.6471,74769633.0,2.5993,233.8623,267.1888,37.6887,17993095349.5143,3.3193
2022-12-02,MSFT,Technology,239.2761,249.0385,231.6237,247.9689,137930867.0,3.0425,233.8382,265.9742,37.2152,34202565366.0363,7.5186
2022-12-09,MSFT,Technology,245.0421,246.8011,235.5082,238.6343,109602043.0,-3.7644,232.4696,264.2183,37.2822,26154806809.8749,4.7951
2022-12-16,MSFT,Technology,240.6033,256.6179,236.7771,237.9245,229942973.0,-0.2974,232.5172,262.7959,34.0451,54709066879.5385,8.3795
2022-12-23,MSFT,Technology,238.0898,238.8239,227.4037,232.1293,128396491.0,-2.4357,232.6277,261.0603,33.9223,29804587578.2863,5.022
2022-12-30,MSFT,Technology,232.1002,235.2311,227.6954,233.1892,75854917.0,0.4566,233.1942,259.315,33.569,17688547411.2964,3.3096
2023-01-06,MSFT,Technology,236.3591,238.9552,213.2852,218.7109,159562627.0,-6.2088,232.547,257.7039,36.0191,34898085757.5343,12.0356
2023-01-13,MSFT,Technology,220.1889,233.267,220.15,232.6155,131675747.0,6.3575,233.393,256.4313,37.8796,30629819726.2785,5.9582
2023-01-20,MSFT,Technology,231.3903,235.6784,224.3019,233.5781,123872791.0,0.4138,233.3017,255.4397,36.0103,28933971163.4771,5.072
2023-01-27,MSFT,Technology,234.4338,242.9224,224.5158,241.2986,198648466.0,3.3053,234.2704,254.3701,36.0544,47933596737.9476,8.1984
2023-02-03,MSFT,Technology,237.7495,257.3715,235.5033,251.2068,152686042.0,4.1062,237.0813,253.5339,33.5854,38355772015.4856,9.2857
2023-02-10,MSFT,Technology,250.322,269.1078,247.7355,255.8255,196239002.0,1.8386,238.3292,252.9885,25.2442,50202940806.151,8.6271
2023-02-17,MSFT,Technology,260.897,268.0424,249.5503,251.5584,170244679.0,-1.668,239.6375,252.4817,25.0568,42826479057.7536,7.4102
2023-02-24,MSFT,Technology,248.0686,250.3691,241.8493,242.9411,105098500.0,-3.4256,239.8139,251.6351,25.8539,25532745198.35,3.5228
2023-03-03,MSFT,Technology,246.0995,249.1799,239.4221,248.8582,126840033.0,2.4356,239.8823,251.0405,25.585,31565182300.3206,4.0756
2023-03-10,MSFT,Technology,249.9646,253.5665,241.3619,242.327,117910562.0,-2.6245,240.1664,250.5021,24.9349,28572912757.774,5.0565
2023-03-17,MSFT,Technology,241.167,276.1917,239.539,272.39,237347572.0,12.406,242.8176,250.1638,34.8629,64651105137.08,15.3013
2023-03-24,MSFT,Technology,270.0017,273.979,262.7288,273.5013,177709524.0,0.408,246.0,249.7867,34.0497,48603785836.3812,4.282
2023-03-31,MSFT,Technology,273.433,281.9821,265.1911,281.0365,131625277.0,2.7551,249.6806,249.4479,34.093,36991507159.6105,6.3316
2023-04-06,MSFT,Technology,279.3014,284.7213,274.9245,284.2534,102542745.0,1.1447,254.7223,249.402,29.739,29148123911.583,3.5635
2023-04-14,MSFT,Technology,281.9216,282.5962,274.5443,278.9309,122993610.0,-1.8724,258.2851,249.5719,29.1976,34306718331.549,2.9328
2023-04-21,MSFT,Technology,282.6254,284.4045,275.9293,278.5605,106024017.0,-0.1328,261.7452,249.8424,29.3043,29534103187.5285,3.0715
2023-04-28,MSFT,Technology,274.9829,301.1467,268.4322,299.5188,219796618.0,7.5238,266.2237,250.4511,31.595,65833219267.4184,12.1872
2023-05-05,MSFT,Technology,299.2361,304.1101,295.7561,302.8234,120776259.0,1.1033,270.1942,251.1752,31.1975,36573877389.6606,2.8247
2023-05-12,MSFT,Technology,302.3166,305.1143,298.3784,301.1858,124192361.0,-0.5408,273.6835,252.1204,31.4574,37404975601.6738,2.2575
2023-05-19,MSFT,Technology,301.9601,311.6755,300.4898,310.9917,122204598.0,3.2558,278.2553,253.4016,30.9496,38004615679.8366,3.7225
2023-05-26,MSFT,Technology,311.2458,325.7041,305.394,325.2059,158230100.0,4.5706,284.5833,254.5714,29.2684,51457362077.59,6.6505
2023-06-02,MSFT,Technology,327.4918,329.7094,317.2244,327.6579,127697548.0,0.754,290.6449,255.8483,29.4376,41841110412.8292,3.9357
2023-06-09,MSFT,Technology,327.4821,330.7449,315.0557,319.2467,128227063.0,-2.5671,296.5618,257.2802,29.3969,40936066713.4421,4.9798
2023-06-16,MSFT,Technology,320.9954,343.357,317.6543,334.428,158712883.0,4.7554,301.3339,259.1035,20.5587,53078032035.924,8.0914
2023-06-23,MSFT,Technology,331.4777,334.1837,324.4048,327.2867,98196871.0,-2.1354,305.4712,260.4164,21.804,32138529859.9157,3.0144
2023-06-30,MSFT,Technology,326.0167,334.8187,320.9075,332.6793,109964013.0,1.6477,309.4438,261.9841,21.6245,36582750870.0309,4.335
2023-07-07,MSFT,Technology,331.3604,335.0727,327.001,329.4359,80091428.0,-0.9749,312.9193,263.339,22.1201,26384991665.4652,2.4684
2023-07-14,MSFT,Technology,326.8764,343.3179,319.4518,337.2708,138404817.0,2.3783,317.407,265.0482,21.1894,46679903353.4436,7.4709
2023-07-21,MSFT,Technology,337.6987,358.3136,331.9856,335.8347,228153310.0,-0.4258,321.8127,266.6621,21.2957,76621798417.857,7.9304
2023-07-28,MSFT,Technology,337.8667,343.7673,321.4545,330.5594,194860778.0,-1.5708,324.2005,267.7952,17.5676,64413061859.2132,6.9412
2023-08-04,MSFT,Technology,329.1428,330.7254,318.426,320.2138,113690368.0,-3.1297,325.5382,268.6891,19.2027,36405224760.6784,3.8626
2023-08-11,MSFT,Technology,320.7902,323.467,311.8416,313.6001,106911584.0,-2.0654,326.4931,269.2883,19.7814,33527483433.5584,3.728
2023-08-18,MSFT,Technology,314.6376,318.2599,305.0052,309.8308,102513461.0,-1.2019,326.4038,269.9109,18.9303,31761827632.3988,4.3457
2023-08-25,MSFT,Technology,311.2504,325.9842,310.3791,316.1943,106273900.0,2.0539,325.7106,270.9925,16.854,33603201418.77,5.0278
2023-09-01,MSFT,Technology,318.8179,325.0149,314.9627,321.7549,90668160.0,1.7586,325.2566,272.4055,17.214,29172924753.984,3.1916
2023-09-08,MSFT,Technology,322.0878,329.0974,321.755,327.2471,74018792.0,1.707,325.872,273.7674,16.6887,24222435027.5032,2.282
2023-09-15,MSFT,Technology,330.1547,333.6987,322.7242,323.2822,108640058.0,-1.2116,325.0146,275.4208,13.6433,35121396958.3676,3.4006
2023-09-22,MSFT,Technology,320.913,323.4584,308.3819,310.3497,111793469.0,-4.0004,323.7118,276.9527,15.1864,34695069566.1093,4.8889
2023-09-29,MSFT,Technology,309.9386,312.758,302.9486,309.1162,107374481.0,-0.3975,321.8992,278.5544,14.5357,33191191543.6922,3.238
2023-10-06,MSFT,Technology,309.635,322.2738,304.6764,320.3843,104962901.0,3.6453,321.2029,280.3479,16.7165,33628465562.8543,5.7757
2023-10-13,MSFT,Technology,317.9271,326.8163,316.3901,320.8445,100910313.0,0.1436,319.9394,282.2561,15.8016,32376518919.3285,3.2954
2023-10-20,MSFT,Technology,324.0947,329.8022,318.6123,319.8067,113729959.0,-0.3235,318.7065,283.8915,15.8012,36371602878.9253,3.5121
2023-10-27,MSFT,Technology,318.632,338.9265,317.5747,322.8808,178267212.0,0.9612,318.1158,285.7026,15.7672,57559060024.3296,6.7234
2023-11-03,MSFT,Technology,326.4052,346.9444,324.8584,345.3878,119237928.0,6.9707,320.0523,288.2165,19.9144,41183325628.4784,6.7987
2023-11-10,MSFT,Technology,346.0241,362.3243,345.9262,361.9033,129342555.0,4.7817,323.7679,290.5684,20.6119,46809497484.9315,4.7403
2023-11-17,MSFT,Technology,361.2151,369.1904,358.9392,362.8141,142038149.0,0.2517,327.8435,293.035,20.0931,51533443195.1009,2.856
2023-11-24,MSFT,Technology,364.158,372.5649,363.9422,370.2499,114489942.0,2.0495,332.0017,295.5274,20.0924,42389889576.5058,2.3692
2023-12-01,MSFT,Technology,369.6123,376.9893,364.2464,367.3855,135190626.0,-0.7736,335.5117,297.8239,20.4533,49667075728.323,3.4984
2023-12-08,MSFT,Technology,362.0784,367.3364,355.9963,367.1108,119519918.0,-0.0748,338.5781,300.2946,20.5201,43877052712.9144,3.1855
2023-12-15,MSFT,Technology,361.4702,370.4521,357.203,363.6774,205282326.0,-0.9352,341.6855,302.7129,20.4025,74656542585.6324,3.7091
2023-12-22,MSFT,Technology,362.4218,368.8766,361.6664,367.4542,103468302.0,1.0385,346.0781,305.3153,17.3727,38019862136.7684,1.9936
2023-12-29,MSFT,Technology,367.8662,369.9851,365.7194,368.8864,60603657.0,0.3898,350.6758,307.9249,17.1021,22355864857.5648,1.1664
2024-01-05,MSFT,Technology,366.7479,368.7491,359.5279,360.7541,89318051.0,-2.2046,353.7812,310.6565,17.7549,32221853102.2591,2.5648
2024-01-12,MSFT,Technology,362.2746,383.2479,361.9901,381.0799,118990164.0,5.6343,358.4147,313.5115,19.9431,45344759798.1036,5.8725
2024-01-19,MSFT,Technology,386.1712,391.0859,377.4896,391.0859,102159580.0,2.6257,363.8977,316.5405,19.7312,39953171287.922,3.6018
2024-01-26,MSFT,Technology,392.4102,399.2672,386.1025,396.2458,109649099.0,1.3194,369.5412,319.5203,19.6945,43447994952.5342,3.4096
2024-02-02,MSFT,Technology,398.3353,407.4191,389.6536,403.3971,164773339.0,1.8048,374.0034,322.447,15.9721,66469087109.9169,4.5593
2024-02-09,MSFT,Technology,402.1022,412.8145,395.2452,412.5496,109333537.0,2.2689,377.8993,325.461,14.2434,45105506955.9352,4.4452
2024-02-16,MSFT,Technology,413.3101,413.492,396.4408,397.0993,113551067.0,-3.7451,380.5366,328.2598,17.1389,45091049219.9531,4.301
2024-02-23,MSFT,Technology,396.2934,408.696,390.3771,403.2711,86244735.0,1.5542,383.0767,331.3431,17.0009,34780009152.6585,4.6926
2024-03-01,MSFT,Technology,404.3669,408.7058,396.8929,408.3422,93983165.0,1.2575,386.2272,334.4101,16.729,38377292359.063,2.9764
2024-03-08,MSFT,Technology,406.3177,410.1604,391.527,399.2221,103579947.0,-2.2334,388.6973,337.4273,17.766,41351403959.2287,4.7592
2024-03-15,MSFT,Technology,396.8045,420.45,394.3476,409.2464,133587381.0,2.511,392.2026,340.0592,17.7495,54670154759.6784,6.6191
2024-03-22,MSFT,Technology,407.1138,423.3984,406.6519,421.3542,96748672.0,2.9586,396.3488,342.9025,18.2052,40765459291.6224,4.1181
2024-03-28,MSFT,Technology,417.9144,420.0471,411.7918,413.4723,73362236.0,-1.8706,399.7785,345.4493,19.1191,30333252452.0628,2.0047
2024-04-05,MSFT,Technology,416.6466,421.2853,410.3766,418.1896,85744235.0,1.1409,404.1966,348.025,17.8855,35857347336.956,2.6582
2024-04-12,MSFT,Technology,417.8457,421.9733,412.4699,414.632,80153656.0,-0.8507,406.7775,350.6347,15.4038,33234270694.592,2.304
2024-04-19,MSFT,Technology,419.251,419.4672,390.9177,392.2444,104490345.0,-5.3994,406.8666,352.8209,18.9481,40985752680.318,7.3032
2024-04-26,MSFT,Technology,393.1879,405.8853,381.3455,399.3204,121367810.0,1.804,407.1031,354.7401,19.1123,48464642436.324,6.4351
2024-05-03,MSFT,Technology,398.2688,400.1361,382.4658,399.6545,107082034.0,0.0837,406.8152,356.6023,18.7506,42795816757.253,4.6201
2024-05-10,MSFT,Technology,401.7183,408.2243,399.3696,407.5953,76899183.0,1.9869,406.4341,358.6486,18.6081,31343745564.6399,2.2172
2024-05-17,MSFT,Technology,411.5373,418.8325,404.4586,413.7032,85671354.0,1.4985,407.7114,360.6238,16.9957,35442513298.1328,3.5539
2024-05-24,MSFT,Technology,413.7032,426.8858,413.4866,423.4991,84866064.0,2.3679,409.2674,362.5141,17.322,35940701724.5424,3.2406
2024-05-31,MSFT,Technology,422.9773,424.267,398.2462,408.7018,107655251.0,-3.4941,409.295,364.0726,18.8474,43998894863.1518,6.5338
2024-06-07,MSFT,Technology,409.0907,419.6792,402.5913,417.2868,77304531.0,2.1006,410.6846,365.958,18.5745,32258160366.4908,4.2445
2024-06-14,MSFT,Technology,418.1236,436.534,417.3262,435.7169,80462918.0,4.4167,412.7208,367.9059,19.8712,35059053195.9142,4.6026
2024-06-21,MSFT,Technology,435.7317,443.9573,433.8956,442.8153,92266084.0,1.6291,414.3717,370.1276,19.3345,40856833666.2852,2.3189
2024-06-28,MSFT,Technology,442.835,449.1063,439.4975,440.0291,92336873.0,-0.6292,416.4145,372.192,18.8516,40630911123.0043,2.1863
2024-07-05,MSFT,Technology,441.7127,461.0978,438.7591,460.32,57575717.0,4.6113,419.6553,374.709,20.5542,26503254049.44,5.0913
2024-07-12,MSFT,Technology,459.3256,460.4578,443.6669,446.5269,87822377.0,-2.9964,422.1087,376.8101,21.707,39215053752.4413,3.7846
2024-07-19,MSFT,Technology,446.2808,450.1795,425.3106,430.3415,95094386.0,-3.6247,425.0393,378.6275,19.7814,40923060712.819,5.8472
2024-07-26,MSFT,Technology,434.949,441.4468,410.8087,418.6848,109249239.0,-2.7087,426.5289,380.3222,20.7739,45740995780.8672,7.458
2024-08-02,MSFT,Technology,424.8972,425.4583,398.079,402.1647,150439080.0,-3.9457,426.722,381.8982,22.5312,60501287476.476,6.8779
2024-08-09,MSFT,Technology,383.1438,403.73,379.6094,399.7329,125786365.0,-0.6047,426.1172,383.5546,22.1808,50280948461.9085,6.3541
2024-08-16,MSFT,Technology,401.4707,415.5546,398.6927,412.724,97971871.0,3.2499,426.0418,385.5333,22.9916,40435342486.604,4.2293
2024-08-23,MSFT,Technology,413.2073,420.9297,406.4316,411.0671,85544521.0,-0.4015,425.0855,387.3578,22.431,35164538168.3591,3.5672
2024-08-30,MSFT,Technology,410.6479,416.2549,401.7173,411.4123,82881966.0,0.084,425.294,389.082,21.2539,34098660260.5818,3.6189
2024-09-06,MSFT,Technology,412.1717,414.1147,395.2967,396.1843,69005355.0,-3.7014,423.6708,390.4077,22.03,27338838266.9265,4.7605
2024-09-13,MSFT,Technology,401.6482,425.9006,396.6281,424.6776,87449658.0,7.1919,422.8216,392.3576,25.1179,37137910880.2608,7.3803
2024-09-20,MSFT,Technology,424.6874,435.7829,422.3401,429.2933,128480635.0,1.0869,421.7814,394.645,24.9752,55155875785.2455,3.1829
2024-09-27,MSFT,Technology,428.3169,430.467,420.2493,422.1429,74929184.0,-1.6656,420.4056,396.8186,25.1408,31630823028.3936,2.4314
2024-10-04,MSFT,Technology,422.3303,424.5099,408.6014,410.3471,85407142.0,-2.7943,416.5615,398.5486,23.207,35046573038.9882,3.8934
2024-10-11,MSFT,Technology,410.2879,414.6078,402.5654,410.6035,83116599.0,0.0625,413.7982,400.2748,22.7737,34127966457.4965,2.9914
2024-10-18,MSFT,Technology,412.0337,418.2176,404.8438,412.4183,83027540.0,0.442,412.4194,402.0558,21.8657,34242076899.982,3.3034
2024-10-25,MSFT,Technology,410.4063,426.5811,408.0689,422.2711,89823386.0,2.389,412.6953,403.9671,21.7939,37929820011.9446,4.5365
2024-11-01,MSFT,Technology,425.7279,432.4789,400.7211,404.7352,140477096.0,-4.1528,412.893,405.1084,21.9641,56856025544.9792,7.9252
2024-11-08,MSFT,Technology,404.173,420.9889,400.0024,416.7381,100773335.0,2.9656,414.2011,406.1629,22.6246,41996088158.5635,5.2466
2024-11-15,MSFT,Technology,416.7135,423.43,407.9604,409.3017,123901235.0,-1.7844,413.9379,407.0569,22.0776,50712986117.5995,3.7919
2024-11-22,MSFT,Technology,409.996,414.8483,405.4685,412.101,107661985.0,0.6839,414.0174,407.8618,22.1033,44367611680.485,2.3133
2024-11-29,MSFT,Technology,413.4648,424.0009,409.9763,418.4851,85754344.0,1.5492,414.5615,408.8444,22.3029,35886915224.2744,3.4209
2024-12-06,MSFT,Technology,416.6174,440.8592,416.3604,438.3589,105037416.0,4.749,417.8057,410.2146,22.3422,46044086136.6024,5.884
2024-12-13,MSFT,Technology,437.4003,450.8057,435.3249,442.0154,97826667.0,0.8341,419.1394,411.7211,17.6077,43240893344.6718,3.5561
2024-12-20,MSFT,Technology,442.0153,449.9411,423.5943,431.4707,158004248.0,-2.3856,419.3068,412.9522,18.321,68174203487.5336,6.2198
2024-12-27,MSFT,Technology,431.609,435.7597,421.3411,425.472,52634702.0,-1.3903,419.5629,414.0404,18.216,22394591929.344,3.4221
2025-01-03,MSFT,Technology,421.0546,422.5271,409.9763,418.3764,59964624.0,-1.6677,420.1806,415.1485,17.571,25087783516.4736,3.0613
2025-01-10,MSFT,Technology,422.9718,429.2175,410.1443,414.0281,73968420.0,-1.0393,420.444,415.7821,17.7394,30625004392.602,4.6504
2025-01-17,MSFT,Technology,410.3568,429.3757,405.8948,423.9897,95676004.0,2.406,421.3341,416.4149,18.3324,40565640233.1588,5.785
2025-01-24,MSFT,Technology,425.1459,442.0154,420.595,438.8431,87828237.0,3.5032,422.6089,417.234,19.0202,38542815792.6147,5.0929
2025-01-31,MSFT,Technology,419.0287,443.1124,408.3061,410.1838,171530526.0,-6.5306,423.028,417.3646,21.8343,70359042970.6788,8.5245
2025-02-07,MSFT,Technology,406.7645,413.7316,403.3056,404.9362,101744032.0,-1.2793,422.1202,417.2181,21.0966,41199841690.7584,2.5852
2025-02-14,MSFT,Technology,408.8497,410.5815,399.6167,403.6317,104730440.0,-0.3221,421.684,417.3438,20.8159,42272525538.948,2.7438
2025-02-21,MSFT,Technology,404.011,415.2104,402.5256,404.2189,96570775.0,0.1455,421.0777,417.362,20.7593,39035732442.6475,3.1513
2025-02-28,MSFT,Technology,404.516,405.3676,382.7905,393.1086,129423076.0,-2.7486,419.1257,417.069,21.0485,50877324214.0536,5.898
2025-03-07,MSFT,Technology,394.9207,398.2182,377.275,389.4646,121122493.0,-0.927,415.3646,416.8814,17.794,47172923287.2478,5.5512
2025-03-14,MSFT,Technology,382.0676,386.4147,373.2249,384.761,127629375.0,-1.2077,410.9604,416.4105,17.4076,49106805954.375,3.534
2025-03-21,MSFT,Technology,382.9192,388.8655,377.3739,387.4346,119293124.0,0.6949,407.573,415.7582,17.4614,46218283779.6904,3.0451
2025-03-28,MSFT,Technology,391.5341,392.4847,373.2447,375.0964,88311199.0,-3.1846,403.6979,415.0202,18.0832,33125212824.5836,5.1548
2025-04-04,MSFT,Technology,368.8927,381.315,355.9653,356.3218,150374585.0,-5.0053,398.9245,413.8305,19.8178,53581742801.453,7.1214
2025-04-11,MSFT,Technology,347.4494,389.3804,341.419,384.6521,198357200.0,7.9508,396.6648,413.2539,26.98,76298513530.12,14.0477
2025-04-17,MSFT,Technology,389.3755,390.7915,363.3029,364.1842,79539080.0,-5.3211,392.0644,412.7143,27.7871,28966876218.536,7.5663
2025-04-25,MSFT,Technology,359.2678,388.3259,352.1926,388.0189,102043252.0,6.5447,388.1548,412.497,30.5012,39594710393.4628,10.2595
2025-05-02,MSFT,Technology,388.1228,435.1435,380.6813,431.0242,157710015.0,11.0833,389.7579,413.1002,36.1359,67976833047.363,14.3065
2025-05-09,MSFT,Technology,428.6378,439.3322,426.8953,434.4405,97363061.0,0.7926,392.0275,413.6165,35.9323,42298456902.3705,2.9133
2025-05-16,MSFT,Technology,442.3888,452.5572,436.2779,450.6525,112185654.0,3.7317,395.6445,414.3271,36.3674,50556745439.235,3.7314
2025-05-23,MSFT,Technology,447.2846,456.5849,445.3352,446.5951,90904344.0,-0.9003,398.9042,414.7712,36.5293,40597434599.1144,2.5261
2025-05-30,MSFT,Technology,452.8449,458.8368,451.6847,456.694,86813240.0,2.2613,403.7954,415.6941,35.7355,39647085828.56,1.5834
2025-06-06,MSFT,Technology,453.4996,469.5657,453.2516,466.6342,81973027.0,2.1766,409.7315,416.6431,35.4465,38251417875.7234,3.5993
2025-06-13,MSFT,Technology,465.9597,476.5894,463.2415,471.1778,84010090.0,0.9737,416.3789,417.3251,34.9876,39583689384.002,2.8814
2025-06-20,MSFT,Technology,471.4257,479.61,470.3047,473.5983,86142890.0,0.5137,423.0069,417.917,35.0115,40797126261.087,1.9786
2025-06-27,MSFT,Technology,474.4019,495.3239,468.7473,491.9907,120782782.0,3.8835,431.9988,418.9163,33.5961,59424005464.1274,5.6697
2025-07-03,MSFT,Technology,493.0819,496.7723,484.8083,494.8676,78618836.0,0.5847,442.6562,419.5807,30.0716,38905914686.1136,2.4678
2025-07-11,MSFT,Technology,493.4192,502.7443,490.1752,499.3119,77445981.0,0.8981,451.4761,420.5958,27.9005,38669699920.4739,2.5642
2025-07-18,MSFT,Technology,497.5213,510.5417,497.0401,505.9883,80853219.0,1.3371,462.3842,422.0505,22.9756,40910782831.3377,2.7164
2025-07-25,MSFT,Technology,502.67,514.1627,496.7128,509.6192,79564733.0,0.7176,471.738,423.7993,21.5592,40547715579.6736,3.5131
2025-08-01,MSFT,Technology,509.9863,551.0268,505.3783,519.9364,137752650.0,2.0245,478.5774,426.0641,9.6084,71622616931.46,9.0326
2025-08-08,MSFT,Technology,524.0633,533.9638,513.4297,517.8829,97486428.0,-0.395,484.9961,428.3362,10.2393,50486554043.2812,3.9994
2025-08-15,MSFT,Technology,518.1407,528.4579,514.9464,516.0277,103984799.0,-0.3582,490.0249,430.3228,9.3826,53659036662.9323,2.6239
2025-08-22,MSFT,Technology,518.2832,519.5104,499.2296,504.0191,115732039.0,-2.3271,494.4422,432.1104,10.9707,58331158137.9449,4.0624
2025-08-29,MSFT,Technology,503.4229,507.8546,495.3543,503.4825,108729343.0,-0.1065,498.0413,433.8809,10.7601,54743321436.9975,2.5235
2025-09-05,MSFT,Technology,497.2969,508.7291,489.2531,491.8665,81627481.0,-2.3071,499.9822,435.721,11.8859,40149823383.2865,3.9807
2025-09-12,MSFT,Technology,494.9519,509.3054,491.8963,506.6722,95299865.0,3.0101,502.7126,437.2978,12.9485,48285792259.253,3.5392
2025-09-19,MSFT,Technology,505.5692,516.0126,502.7273,514.6513,124060082.0,1.5748,505.8705,438.9393,13.0998,63847682479.4066,2.6427
2025-09-26,MSFT,Technology,512.3262,514.4625,501.8429,508.2223,85342202.0,-1.2492,507.1191,440.5947,11.5516,43372810187.5046,2.5147
2025-10-03,MSFT,Technology,508.262,518.2981,505.6586,514.075,96313547.0,1.1516,508.5966,442.5894,11.6753,49512386674.025,2.4996
2025-10-10,MSFT,Technology,515.3271,527.6685,506.4039,507.7255,91844678.0,-1.2351,509.2438,444.4572,11.9815,46631885059.889,4.1991
2025-10-17,MSFT,Technology,513.141,513.916,502.7969,510.3289,79090522.0,0.5128,509.5777,446.3401,11.736,40362179092.6858,2.2115
2025-10-24,MSFT,Technology,511.3524,522.0194,509.7923,520.2954,78770410.0,1.953,510.3989,448.2252,12.2754,40983881979.114,2.3984
2025-10-31,MSFT,Technology,528.4137,550.2148,511.8393,514.5321,159773915.0,-1.1077,509.9832,450.3366,11.8181,82208808010.1715,7.4976
2025-11-07,MSFT,Technology,516.5145,521.6369,490.1276,493.675,117643516.0,-4.0536,508.121,451.8162,14.2681,58077662761.3,6.4288
2025-11-14,MSFT,Technology,496.8696,510.2494,494.291,506.9504,124435211.0,2.6891,507.4228,453.6941,15.5077,63082479990.5344,3.2285
2025-11-21,MSFT,Technology,506.1923,509.846,466.1907,470.0236,134724970.0,-7.2841,504.8077,454.8079,20.8281,63323915409.292,9.3643
2025-11-28,MSFT,Technology,472.8908,490.4425,462.8257,489.8253,102536648.0,4.2129,503.7572,456.1799,22.8699,50225044367.5944,5.967
2025-12-05,MSFT,Technology,486.2662,491.3086,473.0899,481.0146,123068682.0,-1.7987,502.9224,457.0002,22.6853,59197832844.7572,3.851
2025-12-12,MSFT,Technology,482.732,490.1141,472.9705,476.4052,116434737.0,-0.9583,500.5942,457.6615,21.6747,55470114167.4324,3.6247
2025-12-19,MSFT,Technology,477.9682,487.4261,468.7892,483.7624,168370080.0,1.5443,498.2181,458.6671,21.6626,81451113988.992,3.9755
2025-12-26,MSFT,Technology,483.9615,486.9905,480.5467,485.5444,46344656.0,0.3684,496.4737,459.8224,21.6399,22502388190.7264,1.3409
2026-01-02,MSFT,Technology,482.7021,487.5057,468.0723,470.84,66011041.0,-3.0284,493.1479,460.8313,22.0294,31080638544.44,4.1518
2026-01-09,MSFT,Technology,471.95,487.5255,467.4152,477.1518,110505773.0,1.3405,490.7961,462.0452,22.323,52728028497.3414,4.3024
2026-01-16,MSFT,Technology,474.5535,478.8543,453.8757,457.8181,137722486.0,-4.0519,486.7568,462.6957,23.3303,63051846867.7966,5.5034
2026-01-23,MSFT,Technology,449.2114,469.0081,436.7321,463.881,127303945.0,1.3243,482.4172,463.1772,23.043,59053881310.545,7.3904
2026-01-30,MSFT,Technology,463.2389,481.5921,419.1506,428.3794,282677444.0,-7.6532,475.7901,463.5272,26.7964,121093193854.2536,14.8972
2026-02-06,MSFT,Technology,428.3246,428.8234,390.578,399.3588,267113322.0,-6.7745,468.535,463.4199,28.4918,106674055737.9336,9.792
2026-02-13,MSFT,Technology,403.0523,421.7987,396.2427,399.538,207723303.0,0.0449,460.2725,463.3412,27.2533,82993353034.014,6.4496
2026-02-20,MSFT,Technology,398.355,403.5537,393.6702,396.3693,117551461.0,-0.7931,454.6068,463.1902,24.4907,46593790310.5473,2.5106
2026-02-27,MSFT,Technology,394.1442,406.6071,380.883,391.8891,206521474.0,-1.1303,447.0732,463.1668,21.4736,80933514576.5334,6.7538
2026-03-06,MSFT,Technology,392.0038,412.155,389.7836,408.0739,179607280.0,4.1299,441.4624,463.5246,24.383,73293043217.992,5.7394
2026-03-13,MSFT,Technology,404.0377,409.3212,393.3958,394.693,141462254.0,-3.279,435.1769,463.7156,24.7215,55834161418.022,4.0482
2026-03-20,MSFT,Technology,397.2075,403.5238,379.2964,381.0426,155862410.0,-3.4585,427.2753,463.5927,24.1747,59390217948.666,6.3875
2026-03-27,MSFT,Technology,383.0682,386.371,355.7376,355.997,178314821.0,-6.5729,417.3102,463.2254,25.4701,63479541331.537,8.6113
2026-04-02,MSFT,Technology,361.1109,373.1797,355.508,372.6508,143557640.0,4.6781,409.7571,463.5394,28.9422,53496869392.112,4.9708
2026-04-10,MSFT,Technology,372.6807,384.1658,365.7657,370.0664,129201164.0,-0.6935,401.5198,463.2589,28.2925,47813009637.2896,5.0306
2026-04-17,MSFT,Technology,372.7956,430.645,370.2162,421.874,208524207.0,13.9995,398.7549,464.3684,41.9711,87970941303.918,16.3226
2026-04-24,MSFT,Technology,420.2325,432.7603,410.5187,423.7,154774268.0,0.4328,395.664,465.0545,41.8431,65577857351.6,5.4179
2026-05-01,MSFT,Technology,421.4598,428.9885,397.1476,413.542,201875475.0,-2.3975,394.5227,464.7183,39.2111,83483987682.45,8.0174
2026-05-08,MSFT,Technology,410.6484,427.0527,404.2323,414.2206,152379552.0,0.1641,395.6659,464.3295,36.4842,63118749457.1712,5.6454
2026-05-15,MSFT,Technology,406.9862,427.2423,400.0114,421.0058,181767939.0,1.6381,397.3173,463.7594,36.5572,76525356573.0462,6.8075
2026-05-22,MSFT,Technology,416.62,432.7,411.3001,418.57,147022600.0,-0.5786,399.025,463.2204,36.5263,61539249682.0,5.203
2026-05-29,MSFT,Technology,416.43,450.33,409.58,450.24,186204445.0,7.5662,403.5135,463.0963,38.8756,83836689316.8,9.9492
2026-06-05,MSFT,Technology,464.84,466.32,414.4,416.67,191384393.0,-7.456,404.1748,462.1355,41.884,79744135031.31,12.529
2026-06-12,MSFT,Technology,414.14,417.1599,382.27,390.74,182126228.0,-6.2232,403.8707,460.5886,43.3652,71164002328.72,9.127
2026-06-18,MSFT,Technology,396.795,401.75,373.28,379.4,165475274.0,-2.9022,403.7444,458.7771,43.1822,62781318955.6,7.627
2026-06-26,MSFT,Technology,375.74,381.63,349.2,372.97,382890669.0,-1.6948,405.05,456.4882,40.9465,142806732816.93,9.2869
2026-07-02,MSFT,Technology,377.5,392.2,359.9,390.49,186435791.0,4.6974,406.4222,454.481,40.9551,72801312027.59,8.9747
2026-07-10,MSFT,Technology,387.04,395.57,373.35,385.1,145158124.0,-1.3803,407.5786,452.2846,41.065,55900393552.4,5.9515
2026-07-17,MSFT,Technology,387.745,405.99,378.65,393.82,163129823.0,2.2643,405.4206,450.1275,29.3132,64243786893.86,7.2204
2019-01-04,JPM,Financials,79.6847,82.4119,78.3374,82.2159,62129661.0,4.843,84.8402,88.4997,32.2708,5108045995.8099,5.2012
2019-01-11,JPM,Financials,82.0036,83.1386,80.7951,81.579,73056100.0,-0.7747,84.4529,88.3439,29.6842,5959843581.9,2.9005
2019-01-18,JPM,Financials,80.7298,85.6534,80.5093,85.4003,96972536.0,4.6842,84.2998,88.2563,31.3122,8281483666.1608,6.3895
2019-01-25,JPM,Financials,84.1674,85.1717,83.2365,84.4205,54939682.0,-1.1473,84.3509,88.0993,30.1735,4638035424.281,2.3249
2019-02-01,JPM,Financials,84.0122,85.9311,83.7673,84.8206,65073965.0,0.4739,84.1239,87.9812,28.4754,5519612755.679,2.5831
2019-02-08,JPM,Financials,84.7472,85.4249,81.7015,82.763,57449539.0,-2.4258,83.5573,87.8884,28.071,4754696196.257,4.5573
2019-02-15,JPM,Financials,83.0896,86.3067,82.2812,86.1842,60820220.0,4.1337,83.3349,87.7903,29.5558,5241742004.524,4.8923
2019-02-22,JPM,Financials,85.6616,86.6251,84.7634,85.7351,41842547.0,-0.5211,83.286,87.6434,28.9219,3587374951.2997,2.1963
2019-03-01,JPM,Financials,86.3475,87.5886,84.8696,85.2697,65635054.0,-0.5428,82.9185,87.5486,27.428,5596681364.0638,3.2038
2019-03-08,JPM,Financials,85.6698,86.4863,83.2773,84.1102,55681823.0,-1.3598,82.9539,87.3593,23.4102,4683409268.8946,3.8533
2019-03-15,JPM,Financials,84.9022,87.2048,84.6409,87.0007,68742776.0,3.4366,83.3986,87.2653,23.3294,5980669631.9432,3.0291
2019-03-22,JPM,Financials,87.0007,88.5113,81.2605,81.4565,91611672.0,-6.3726,83.798,87.1938,23.6687,7462366160.268,8.9228
2019-03-29,JPM,Financials,81.3177,83.2774,80.0929,82.6568,76750123.0,1.4735,84.124,87.1,23.2586,6343919566.7864,3.9759
2019-04-05,JPM,Financials,84.0401,87.5037,84.0154,86.6399,61179766.0,4.8188,84.4643,87.088,23.2389,5300608808.2634,4.152
2019-04-12,JPM,Financials,86.4754,92.0204,85.7678,91.4939,65048692.0,5.6025,85.227,87.1506,25.1976,5951558520.9788,7.2902
2019-04-18,JPM,Financials,91.2553,94.5708,89.7744,93.345,57040886.0,2.0232,85.8382,87.2309,24.0199,5324481503.67,5.3427
2019-04-26,JPM,Financials,92.8268,94.2665,92.5553,94.176,43616208.0,0.8902,86.5886,87.359,23.6701,4107600004.608,1.8489
2019-05-03,JPM,Financials,94.2829,96.389,94.1595,95.5334,52842979.0,1.4413,87.4126,87.5281,23.6746,5048269449.9986,2.3678
2019-05-10,JPM,Financials,93.9373,94.9986,90.9427,92.5634,59376057.0,-3.1089,88.1665,87.5566,24.134,5496049714.5138,4.4599
2019-05-17,JPM,Financials,90.5642,92.2837,89.3548,91.1319,53672578.0,-1.5465,88.5471,87.5996,23.5188,4891284011.0382,3.2778
2019-05-24,JPM,Financials,90.9756,92.078,88.4416,90.2598,47500339.0,-0.957,88.8952,87.633,23.6151,4287371098.0722,4.1116
2019-05-31,JPM,Financials,89.8403,90.3586,86.2533,87.1747,42952623.0,-3.418,89.0417,87.6418,24.8069,3744382024.2381,4.7596
2019-06-07,JPM,Financials,87.043,91.2141,86.6316,89.8073,52225412.0,3.0199,89.4799,87.6596,25.1388,4690223243.1076,5.2896
2019-06-14,JPM,Financials,91.1154,91.79,89.3713,90.3503,48383700.0,0.6046,89.7376,87.7372,24.3614,4371481810.11,2.7064
2019-06-21,JPM,Financials,90.2516,91.8723,89.6593,90.0377,73040210.0,-0.346,90.3977,87.8419,19.6965,6576372515.917,2.4683
2019-06-28,JPM,Financials,89.9061,92.4976,88.5815,91.9793,74565587.0,2.1564,91.1148,88.0077,19.8433,6858490496.3491,4.4209
2019-07-05,JPM,Financials,93.8164,94.8852,93.0127,94.0318,37724082.0,2.2315,91.6834,88.2065,18.2144,3547263333.8076,2.0132
2019-07-12,JPM,Financials,93.5926,95.5728,92.9215,95.5314,47485349.0,1.5948,91.994,88.3986,14.9792,4536341869.4586,2.8533
2019-07-19,JPM,Financials,95.7303,95.7551,93.5595,94.0732,62815945.0,-1.5264,92.05,88.4866,14.9461,5909296957.174,2.3468
2019-07-26,JPM,Financials,93.5512,97.1388,93.4352,96.2937,54763420.0,2.3604,92.2129,88.5438,15.5679,5273372336.454,3.9638
2019-08-02,JPM,Financials,96.4926,97.0891,92.3001,93.5678,55959541.0,-2.8308,92.0617,88.5322,16.4054,5236011140.3798,5.1885
2019-08-09,JPM,Financials,91.7947,91.9521,87.7762,90.9247,64263845.0,-2.8248,91.9357,88.4908,16.1908,5843170827.4715,4.7574
2019-08-16,JPM,Financials,89.8477,91.4136,86.4506,89.2511,66190874.0,-1.8406,91.791,88.432,16.3138,5907608314.4614,5.7408
2019-08-23,JPM,Financials,90.8336,90.933,87.0885,87.8425,48938814.0,-1.5782,91.605,88.3476,16.4954,4298907768.795,4.4144
2019-08-30,JPM,Financials,88.3396,91.6041,86.8648,91.0241,53304688.0,3.6219,91.9011,88.3258,16.5243,4852011250.9808,5.4559
2019-09-06,JPM,Financials,90.2951,94.2224,88.9197,93.3027,37858295.0,2.5033,92.17,88.352,16.1925,3532281140.8965,5.9635
2019-09-13,JPM,Financials,94.2141,99.7571,94.1229,99.6162,66757268.0,6.7667,92.8828,88.5122,20.7225,6650105360.5416,5.9859
2019-09-20,JPM,Financials,98.5142,99.7073,97.1388,98.5142,64938760.0,-1.1062,93.5348,88.5839,20.9577,6397389990.392,2.6441
2019-09-27,JPM,Financials,97.5862,98.8125,96.8985,97.5365,50577185.0,-0.9924,93.9623,88.7144,20.9771,4933121604.7525,1.9752
2019-10-04,JPM,Financials,98.8535,99.388,92.3056,95.7299,56386545.0,-1.8522,94.0929,88.7702,21.0982,5397878314.1955,7.6728
2019-10-11,JPM,Financials,95.3708,98.5445,93.2577,96.9994,52083325.0,1.3261,94.2058,88.9699,21.0267,5052051275.005,5.669
2019-10-18,JPM,Financials,96.7571,101.5511,96.5985,100.6909,72495214.0,3.8057,94.7149,89.2257,21.8656,7299608343.3526,5.1271
2019-10-25,JPM,Financials,101.9353,105.7772,101.8852,105.2594,52427185.0,4.5372,95.4046,89.6393,23.0415,5518454036.789,3.82
2019-11-01,JPM,Financials,105.7104,106.8964,103.447,106.7377,50828774.0,1.4044,96.4176,90.004,21.7216,5425346430.5798,3.3344
2019-11-08,JPM,Financials,107.8067,109.6525,107.3724,108.8925,56951093.0,2.0188,97.7998,90.3648,20.0655,6201546894.5025,2.1235
2019-11-15,JPM,Financials,108.2411,109.093,106.4203,108.1826,44521609.0,-0.6519,99.256,90.7323,19.3536,4816463417.8034,2.5114
2019-11-22,JPM,Financials,108.2077,109.6192,107.6899,109.235,45090516.0,0.9728,100.9016,91.172,18.2215,4925462515.26,1.7915
2019-11-29,JPM,Financials,109.6192,110.6047,108.8758,110.0451,32883032.0,0.7416,102.3648,91.5565,17.8247,3618616544.7432,1.5879
2019-12-06,JPM,Financials,110.5044,113.4025,107.3975,112.7845,49340268.0,2.4893,103.8634,92.1168,17.8213,5564817456.246,5.5914
2019-12-13,JPM,Financials,112.4421,115.9499,110.9805,114.2628,48751134.0,1.3107,104.99,92.7522,13.6926,5570441074.0152,4.4777
2019-12-20,JPM,Financials,115.574,116.1085,114.3379,114.6219,72604264.0,0.3143,106.2291,93.4899,12.9876,8322038687.7816,1.5486
2019-12-27,JPM,Financials,114.9226,116.735,114.3213,116.2088,27701727.0,1.3845,107.6654,94.2166,12.0992,3219184452.5976,2.1113
2020-01-03,JPM,Financials,117.6037,118.6124,115.2331,116.2923,35353651.0,0.0719,109.2471,94.872,10.3671,4111357388.1873,2.9326
2020-01-10,JPM,Financials,114.796,116.2335,113.989,114.3841,50137679.0,-1.6409,110.5844,95.5028,12.1493,5734953288.5039,1.969
2020-01-17,JPM,Financials,114.4849,118.3266,114.1235,116.1746,78466216.0,1.5653,111.7755,96.0946,10.9005,9115781257.3136,3.683
2020-01-24,JPM,Financials,115.3256,116.0654,111.2318,111.9295,40530252.0,-3.6541,112.2886,96.6237,12.0162,4536530841.234,4.3455
2020-01-31,JPM,Financials,109.5085,114.4346,109.0377,111.2654,57047700.0,-0.5933,112.6369,97.1322,12.0193,6347435159.58,4.9495
2020-02-07,JPM,Financials,111.5176,116.2503,111.5176,115.3088,44698610.0,3.634,113.1304,97.7581,13.3603,5154143080.768,4.2439
2020-02-14,JPM,Financials,115.1239,117.0909,114.6615,115.5526,34557942.0,0.2114,113.6973,98.3229,13.1598,3993260048.7492,2.1188
2020-02-21,JPM,Financials,115.4517,116.3343,113.4173,114.1655,33261688.0,-1.2004,114.0766,98.8696,13.5504,3797337241.364,2.5719
2020-02-28,JPM,Financials,110.492,111.9715,94.705,97.6052,128143812.0,-14.5055,113.1197,99.1068,32.5979,12507502399.0224,18.2318
2020-03-06,JPM,Financials,98.0424,103.3551,88.2827,90.855,148673090.0,-6.9158,111.4328,99.2365,33.8674,13507693591.95,17.0729
2020-03-13,JPM,Financials,81.1793,87.4168,72.5629,87.3495,197452131.0,-3.8583,109.3626,99.2432,33.5585,17247344916.7845,20.4703
2020-03-20,JPM,Financials,71.6215,81.9107,64.6527,70.1924,177349885.0,-19.6419,105.9449,99.0266,48.2672,12448614067.874,26.6935
2020-03-27,JPM,Financials,69.503,82.8606,65.6445,76.6063,164654120.0,9.1376,102.8986,98.9103,53.8194,12613542912.956,26.2261
2020-04-03,JPM,Financials,77.0189,80.0095,70.3238,71.4113,118186937.0,-6.7814,99.4462,98.6174,53.9379,8439882814.1881,13.7731
2020-04-09,JPM,Financials,75.6084,88.6927,74.5124,87.3078,114304208.0,22.2605,97.3634,98.5369,74.562,9979648931.2224,19.0308
2020-04-17,JPM,Financials,87.6052,87.6052,73.9601,80.8676,165177405.0,-7.3764,94.6475,98.297,75.0782,13357500316.578,18.4492
2020-04-24,JPM,Financials,78.5651,80.4683,75.0477,77.0698,95692957.0,-4.6963,91.9659,97.968,75.1914,7375037057.3986,7.2229
2020-05-01,JPM,Financials,78.1148,84.4955,77.7749,79.2278,101270533.0,2.8001,89.5015,97.6544,75.8351,8023441534.4174,8.641
2020-05-08,JPM,Financials,78.1828,80.0434,76.407,78.7605,91966159.0,-0.5898,86.6901,97.389,74.923,7243300665.9195,4.7593
2020-05-15,JPM,Financials,77.4097,77.4097,70.0094,72.9831,156364708.0,-7.3354,83.4155,97.04,75.304,11411981120.4348,10.5704
2020-05-22,JPM,Financials,75.3535,78.4971,74.6653,76.0162,99197882.0,4.1559,80.481,96.7661,76.6024,7540646037.6884,5.132
2020-05-29,JPM,Financials,78.9219,87.4692,78.684,82.6773,131800819.0,8.7627,79.3327,96.6796,75.0047,10896935852.7087,11.1651
2020-06-05,JPM,Financials,83.0512,98.3615,82.7368,94.5042,131256508.0,14.3049,79.6134,96.7699,79.3578,12404291283.3336,18.8848
2020-06-12,JPM,Financials,96.3564,97.0191,82.0231,84.8524,127692014.0,-10.2131,79.4213,96.6642,81.9688,10834973848.7336,18.2826
2020-06-19,JPM,Financials,81.9211,89.7887,81.4538,83.1021,116765367.0,-2.0628,80.4143,96.5308,70.0456,9703447204.9707,10.2326
2020-06-26,JPM,Financials,82.6264,84.9374,78.1658,78.6671,121964647.0,-5.3368,80.5729,96.2748,69.3829,9594605082.0137,8.663
2020-07-02,JPM,Financials,80.126,82.1077,78.8649,79.4912,84241851.0,1.0476,81.1944,95.9952,67.5118,6696485826.2112,4.1118
2020-07-10,JPM,Financials,81.0097,83.0772,77.8784,82.5882,117528815.0,3.896,80.8313,95.7462,50.5606,9706493278.983,6.6755
2020-07-17,JPM,Financials,84.6986,86.8948,82.5539,84.2096,130122150.0,1.9632,81.0884,95.5566,48.2149,10957534202.64,5.2582
2020-07-24,JPM,Financials,83.5833,85.8996,83.4375,84.3125,72125857.0,0.1222,81.6456,95.3262,46.9033,6081111318.3125,2.9509
2020-07-31,JPM,Financials,83.652,85.5393,81.7131,82.9056,65831129.0,-1.6687,81.9285,95.1211,46.9644,5457769248.4224,4.6824
2020-08-07,JPM,Financials,83.2316,85.3506,81.5244,85.2562,66914150.0,2.8353,82.4281,95.0121,47.1061,5704846155.23,4.6933
2020-08-14,JPM,Financials,85.8825,91.3043,85.8175,87.8556,91491625.0,3.0489,83.5722,94.9853,43.7911,8038051609.35,6.3935
2020-08-21,JPM,Financials,87.0749,87.5039,83.0429,83.489,67566500.0,-4.9702,84.147,94.9015,45.2658,5641059518.5,5.3719
2020-08-28,JPM,Financials,84.4584,88.5762,83.5747,88.1644,79520226.0,5.6,84.5691,94.8466,43.2845,7010853013.1544,5.9844
2020-09-04,JPM,Financials,87.6068,90.2576,84.9645,88.8078,89903872.0,0.7298,84.1309,94.7601,31.7053,7984165083.8016,6.2298
2020-09-11,JPM,Financials,88.3446,88.8507,85.342,86.706,65249771.0,-2.3667,84.2735,94.5118,24.149,5657546644.326,4.1114
2020-09-18,JPM,Financials,87.0835,88.7564,83.5919,84.3726,100396268.0,-2.6912,84.3712,94.2399,24.4372,8470694161.4568,6.1782
2020-09-25,JPM,Financials,81.6702,82.3994,78.3931,80.1861,99248037.0,-4.9619,84.4881,93.9062,24.08,7958313019.6857,5.1105
2020-10-02,JPM,Financials,81.5501,84.5784,80.9256,83.9779,81077602.0,4.7287,84.8332,93.6802,25.7125,6808726752.9958,4.5138
2020-10-09,JPM,Financials,85.1134,88.3899,84.4122,87.6065,78798985.0,4.3209,85.2192,93.4996,25.9697,6903303279.4025,4.7122
2020-10-16,JPM,Financials,87.5199,89.3551,85.7366,87.8748,83417791.0,0.3063,85.5012,93.2531,25.7799,7330321700.5668,4.2205
2020-10-23,JPM,Financials,87.9528,90.4199,85.9704,89.8659,63638080.0,2.2658,85.9283,92.9571,26.0396,5718893333.472,5.1757
2020-10-30,JPM,Financials,88.8617,88.905,82.4467,84.8709,68601374.0,-5.5583,86.0795,92.5366,28.5209,5822260352.6166,7.8332
2020-11-06,JPM,Financials,86.0396,90.9826,84.7151,89.1301,81770863.0,5.0184,86.3775,92.1565,29.6878,7288245196.2763,7.3983
2020-11-13,JPM,Financials,97.96,102.929,95.5274,98.7564,116698488.0,10.8003,87.216,91.9753,36.0313,11524722560.3232,7.7481
2020-11-20,JPM,Financials,101.9681,102.6779,98.3063,99.1806,69906385.0,0.4295,88.4231,91.7819,33.6851,6933357208.131,4.447
2020-11-27,JPM,Financials,100.4618,106.911,100.0462,104.9373,50569132.0,5.8043,89.7133,91.6837,33.7969,5306588175.4236,6.8616
2020-12-04,JPM,Financials,103.8812,106.7293,101.9508,105.9069,63998239.0,0.924,91.0286,91.5514,33.7813,6777855097.9491,4.6871
2020-12-11,JPM,Financials,104.8767,106.7379,102.4701,103.5003,56040427.0,-2.2724,92.3205,91.3445,33.7354,5800201006.6281,4.1649
2020-12-18,JPM,Financials,105.0369,105.1365,102.2408,103.0848,76445900.0,-0.4014,93.7599,91.1226,32.8096,7880410312.32,2.8322
2020-12-24,JPM,Financials,106.6253,109.5254,104.8247,107.794,59270698.0,4.5683,95.8836,90.9608,29.8989,6389025620.212,4.4843
2020-12-31,JPM,Financials,108.9194,110.2266,108.0265,110.0015,32388521.0,2.0479,97.8854,90.8398,29.4638,3562785892.7815,2.0366
2021-01-08,JPM,Financials,111.1643,120.4847,107.9122,118.5927,89435690.0,7.8101,100.2689,90.9207,31.3329,10606419953.463,11.6506
2021-01-15,JPM,Financials,117.3372,124.4604,116.9274,120.877,95180484.0,1.9262,102.8076,91.0112,31.0204,11505131364.468,6.4425
2021-01-22,JPM,Financials,121.9407,122.6731,115.2621,116.6484,62220876.0,-3.4983,104.8678,91.1019,33.3194,7257965631.9984,6.4297
2021-01-29,JPM,Financials,115.2098,116.1078,111.0335,112.1844,71694301.0,-3.8269,106.9688,91.1196,31.7319,8042982141.1044,4.5701
2021-02-05,JPM,Financials,112.8209,121.6181,112.0144,120.3016,55984651.0,7.2356,109.3666,91.2156,32.858,6735043090.7416,8.5737
2021-02-12,JPM,Financials,120.4934,123.4665,120.4759,123.1526,46126537.0,2.3699,111.2432,91.3617,27.4251,5680602960.5462,2.4823
2021-02-19,JPM,Financials,125.1579,129.7701,124.1553,129.0552,45497233.0,4.7929,113.5413,91.6481,27.8799,5871654504.2616,4.5225
2021-02-26,JPM,Financials,128.0526,135.0538,127.7388,128.3142,80405156.0,-0.5742,115.3395,92.2386,27.1297,10317123268.0152,5.7266
2021-03-05,JPM,Financials,130.3631,135.1235,129.0117,131.575,81950323.0,2.5413,117.314,93.0217,27.1419,10782613748.725,4.7374
2021-03-12,JPM,Financials,132.9351,137.434,130.6246,136.1436,72335280.0,3.4722,119.825,93.9601,25.8563,9847985426.208,5.2129
2021-03-19,JPM,Financials,136.318,140.9738,131.8191,135.263,115178503.0,-0.6468,122.3002,95.2114,25.9672,15579389851.289,6.9449
2021-03-26,JPM,Financials,133.2228,135.5333,129.8748,135.2194,82463684.0,-0.0322,124.4099,96.3386,25.7557,11150689872.2696,4.3569
2021-04-01,JPM,Financials,132.63,135.8995,131.6883,134.0162,64052838.0,-0.8898,126.2572,97.5425,26.3058,8584117947.9756,3.1978
2021-04-09,JPM,Financials,135.4065,137.7235,133.1789,137.0552,67940968.0,2.2676,127.6774,98.4992,22.7184,9311662957.4336,3.4124
2021-04-16,JPM,Financials,136.4413,137.9059,130.9514,134.4418,79794041.0,-1.9068,128.7208,99.5295,23.4433,10727654501.3138,5.3107
2021-04-23,JPM,Financials,134.5471,134.9505,128.6406,131.7144,67152775.0,-2.0287,129.8797,100.5803,22.4187,8844987467.46,4.9051
2021-04-30,JPM,Financials,132.2318,136.1783,131.6443,134.8891,57245831.0,2.4103,131.6263,101.6508,19.9556,7721838622.3421,3.4441
2021-05-07,JPM,Financials,135.8012,141.6331,133.4245,141.4051,63085715.0,4.8306,133.2496,102.8555,17.3503,8920641838.1465,6.1522
2021-05-14,JPM,Financials,141.6331,144.2202,137.7129,143.8343,69829069.0,1.7179,134.8405,104.218,17.2209,10043815259.2667,4.7252
2021-05-21,JPM,Financials,143.2731,145.141,139.1249,142.6504,54938863.0,-0.8231,135.8863,105.4994,15.7851,7837050782.4952,4.3243
2021-05-28,JPM,Financials,143.2643,145.3164,141.462,144.036,61109926.0,0.9713,137.0957,106.6794,15.5042,8802029301.336,2.7247
2021-06-04,JPM,Financials,145.4655,146.8424,144.4052,145.9654,41809418.0,1.3395,138.2026,107.669,15.1397,6102728422.1372,1.6877
2021-06-11,JPM,Financials,146.4565,146.5442,139.4932,140.5719,55818475.0,-3.6951,138.5432,108.7406,16.4332,7846509085.8525,5.0547
2021-06-18,JPM,Financials,140.4491,140.607,129.4079,129.7236,142494705.0,-7.7173,138.1171,109.6371,22.9394,18484926113.538,8.6541
2021-06-25,JPM,Financials,130.741,135.4899,130.3726,135.0996,74867390.0,4.1442,138.1079,110.7224,24.5911,10114554442.044,3.9251
2021-07-02,JPM,Financials,135.5701,138.6044,134.1768,137.6253,63096276.0,1.8695,138.3855,111.8403,24.7539,8683643913.3828,3.2998
2021-07-09,JPM,Financials,137.4047,137.7311,132.3418,137.3959,58884246.0,-0.1667,138.4118,112.8943,24.3742,8090453974.9914,4.0722
2021-07-16,JPM,Financials,136.1435,140.3872,133.2063,133.9913,82776944.0,-2.4779,138.3771,113.8517,24.6009,11091390336.5872,5.3908
2021-07-23,JPM,Financials,131.0276,135.5261,128.5226,132.8711,69494132.0,-0.836,138.4661,114.7855,24.2823,9233761762.3852,5.4492
2021-07-30,JPM,Financials,132.4742,135.7201,132.1302,133.8766,47498002.0,0.7567,138.3882,115.7657,23.8275,6358871014.5532,2.717
2021-08-06,JPM,Financials,134.0971,139.2042,131.8832,138.9219,53233183.0,3.7686,138.1972,116.7977,22.9726,7395254925.4077,5.5511
2021-08-13,JPM,Financials,138.9395,143.2174,137.5106,141.1093,45143456.0,1.5746,137.9876,117.8218,22.9255,6370161475.7408,4.1501
2021-08-20,JPM,Financials,140.192,140.2714,134.9615,136.4698,42664312.0,-3.2879,137.5121,118.8407,23.7769,5822390125.7776,3.9344
2021-08-27,JPM,Financials,137.0078,144.5052,136.9284,143.8172,46748188.0,5.3839,137.4953,119.9109,26.2948,6723193503.2336,5.5334
2021-09-03,JPM,Financials,143.9583,144.2053,140.2184,140.6771,45785176.0,-2.1834,137.0885,120.9084,26.4897,6440925782.6696,2.8433
2021-09-10,JPM,Financials,141.1182,142.3455,138.6749,138.7984,33359453.0,-1.3355,136.9521,121.9102,25.5523,4630238701.2752,2.6469
2021-09-17,JPM,Financials,139.8303,142.3089,137.8281,139.0806,69918811.0,0.2033,137.6719,122.9623,19.4111,9724350185.1666,3.251
2021-09-24,JPM,Financials,135.7377,144.2935,132.7388,143.8084,58494483.0,3.3993,138.3418,124.1858,18.8663,8411998009.0572,8.7049
2021-10-01,JPM,Financials,145.5372,149.33,143.5879,147.416,58838827.0,2.5086,139.0949,125.4058,19.1072,8673784521.032,3.999
2021-10-08,JPM,Financials,148.1481,152.1763,147.0478,151.0317,53491115.0,2.4527,140.1438,126.6255,19.3904,8078854033.3455,3.4876
2021-10-15,JPM,Financials,151.5463,151.981,142.017,147.8286,77389023.0,-2.1208,141.2082,127.7784,19.1432,11440310925.4578,7.0161
2021-10-22,JPM,Financials,147.7133,152.6909,147.2075,152.4158,46145484.0,3.1031,142.7116,128.9813,19.3127,7033300860.2472,3.7249
2021-10-29,JPM,Financials,153.241,153.4628,148.4764,150.7389,43374269.0,-1.1002,144.0087,130.248,19.8041,6538189597.3641,3.3584
2021-11-05,JPM,Financials,152.6465,152.9038,147.7222,149.1063,40387642.0,-1.0831,144.7922,131.4014,19.1806,6022051864.3446,3.5077
2021-11-12,JPM,Financials,149.9935,151.6527,147.0389,148.0504,34823091.0,-0.7082,145.3261,132.3493,19.21,5155572551.7864,3.1378
2021-11-19,JPM,Financials,148.3609,148.8711,141.4757,142.78,46425385.0,-3.5599,145.8115,133.1878,19.4427,6628616470.3,5.2273
2021-11-26,JPM,Financials,145.6548,150.3396,140.9168,143.6762,50163082.0,0.6277,145.8006,133.9328,16.1958,7207241002.0484,6.6868
2021-12-03,JPM,Financials,144.9006,146.2049,139.4705,140.4465,68937361.0,-2.2479,145.7829,134.597,16.2342,9682011071.6865,4.8286
2021-12-10,JPM,Financials,142.8599,144.9716,140.7659,141.804,54338736.0,0.9666,146.0141,135.3336,16.0589,7705450119.744,2.9877
2021-12-17,JPM,Financials,141.5201,143.583,137.6871,139.089,86327500.0,-1.9146,146.0148,136.026,16.5996,12007205647.5,4.2821
2021-12-23,JPM,Financials,137.0926,141.1829,134.7236,139.5326,41767463.0,0.3189,145.6858,136.6364,14.9471,5827922707.7938,4.7945
2021-12-31,JPM,Financials,139.8342,142.1766,138.7163,140.4997,31603274.0,0.6931,145.1538,137.2229,13.9209,4440250516.0178,2.4946
2022-01-07,JPM,Financials,142.7056,150.4898,142.3931,149.2222,78824173.0,6.2082,145.0146,137.8119,18.4793,11762316508.2406,5.6862
2022-01-14,JPM,Financials,150.9273,151.5879,140.0588,140.947,90976775.0,-5.5456,144.4853,138.1978,21.201,12822903505.925,8.2316
2022-01-21,JPM,Financials,139.0634,139.0634,128.7885,129.5116,89176353.0,-8.1133,142.7234,138.4452,24.8866,11549372159.1948,7.9781
2022-01-28,JPM,Financials,127.012,134.4125,124.5929,130.8774,99789579.0,1.0546,141.1956,138.8047,25.2898,13060200646.6146,7.8813
2022-02-04,JPM,Financials,130.0115,137.028,129.1456,136.1889,70141107.0,4.0584,140.202,139.1102,27.2517,9552440207.1123,6.1035
2022-02-11,JPM,Financials,136.8228,141.9647,134.6624,137.403,75400445.0,0.8915,139.3829,139.3843,27.4185,10360247344.335,5.4226
2022-02-18,JPM,Financials,136.3407,139.3491,134.1873,135.814,58704656.0,-1.1565,138.8471,139.5142,26.6692,7972914149.984,3.8467
2022-02-25,JPM,Financials,134.4393,136.8495,124.7804,132.0915,67040363.0,-2.7409,137.956,139.5869,26.9994,8855462109.2145,9.6723
2022-03-04,JPM,Financials,128.1457,129.4937,118.1922,119.9776,125222852.0,-9.1708,136.3814,139.3639,31.9501,15023937248.1152,9.5619
2022-03-11,JPM,Financials,117.9869,120.7275,113.6127,115.0589,99970106.0,-4.0997,134.3241,138.9584,32.1283,11502450429.2434,6.2623
2022-03-18,JPM,Financials,115.5678,125.7355,115.3624,125.066,91270277.0,8.6974,133.2454,138.7623,38.0088,11414808463.282,8.9917
2022-03-25,JPM,Financials,125.2892,128.485,123.8431,126.6907,56003644.0,1.2991,132.2576,138.5983,38.1712,7095140860.9108,3.7482
2022-04-01,JPM,Financials,124.9767,128.1859,119.442,120.79,63980846.0,-4.6576,130.7414,138.3439,38.8735,7728246388.34,7.3206
2022-04-08,JPM,Financials,120.6256,123.1619,115.7779,120.059,68385323.0,-0.6052,128.4981,138.0171,35.6364,8210273494.057,6.3777
2022-04-14,JPM,Financials,119.6183,121.3271,112.4412,113.4305,73129508.0,-5.521,126.3815,137.613,35.6245,8295116657.194,7.9027
2022-04-22,JPM,Financials,113.0258,120.077,112.9089,114.0511,65377856.0,0.5471,125.1922,137.2733,32.8024,7456416392.4416,6.3486
2022-04-29,JPM,Financials,113.3316,114.3254,106.937,107.3507,79101375.0,-5.8749,123.3825,136.7438,33.942,8491587977.2125,6.9092
2022-05-06,JPM,Financials,107.8184,114.5817,106.3254,111.272,80800860.0,3.6528,121.4658,136.1643,33.6674,8990873293.92,7.7652
2022-05-13,JPM,Financials,109.8239,111.3259,103.7621,107.1078,72087044.0,-3.7424,119.1354,135.458,33.5513,7721084691.3432,7.2896
2022-05-20,JPM,Financials,106.6132,110.5974,103.4473,105.5339,60009956.0,-1.4695,116.8061,134.7442,33.5312,6333084695.5084,6.9118
2022-05-27,JPM,Financials,108.34,118.0624,108.331,118.0624,83650735.0,11.8715,115.727,134.2447,43.1516,9876006535.864,8.983
2022-06-03,JPM,Financials,117.082,119.7532,115.7239,117.064,44753881.0,-0.8457,115.5028,133.6889,39.0892,5239068325.384,3.4818
2022-06-10,JPM,Financials,117.9005,119.0697,107.3147,107.5216,52984974.0,-8.1514,114.9231,133.0533,41.6602,5697029180.4384,10.9537
2022-06-17,JPM,Financials,105.1022,106.0826,100.6143,101.6576,91891744.0,-5.4538,113.1224,132.5136,37.7444,9341494154.8544,5.4349
2022-06-24,JPM,Financials,104.2073,105.9656,100.2635,105.5159,48221688.0,3.7954,111.4936,131.9447,38.8485,5088154808.8392,5.6871
2022-07-01,JPM,Financials,106.1814,107.2877,99.7688,102.5749,57980624.0,-2.7873,110.0924,131.2706,38.3174,5947356708.7376,7.5363
2022-07-08,JPM,Financials,100.5095,104.9375,99.1757,103.767,42327012.0,1.1622,108.8392,130.6239,38.5827,4392147054.204,5.8097
2022-07-15,JPM,Financials,103.032,104.511,96.2358,102.4876,77244105.0,-1.233,107.9974,130.0181,37.3315,7916562935.598,8.5989
2022-07-22,JPM,Financials,104.1391,105.482,100.9814,104.13,56749114.0,1.6025,107.2343,129.4654,37.538,5909285240.82,4.4568
2022-07-29,JPM,Financials,105.1099,105.7088,102.5602,104.6744,52672920.0,0.5228,107.0284,128.9038,35.7624,5513506297.248,3.07
2022-08-05,JPM,Financials,103.894,105.4274,100.7376,105.0373,76286255.0,0.3467,106.5488,128.2522,34.866,8012902252.3115,4.6554
2022-08-12,JPM,Financials,105.482,110.9262,103.6037,110.8173,55012168.0,5.5028,106.8341,127.6696,35.8425,6096299924.9064,7.0678
2022-08-19,JPM,Financials,109.919,112.7309,107.1697,107.6415,49156724.0,-2.8658,106.9963,127.1152,36.2601,5291303506.446,5.1891
2022-08-26,JPM,Financials,105.9356,108.8755,103.8487,104.0483,48380995.0,-3.3381,105.9183,126.3505,26.6535,5033960282.0585,4.8405
2022-09-02,JPM,Financials,103.4403,106.5708,101.5439,103.1772,49915456.0,-0.8372,104.85,125.6293,26.6536,5150136986.8032,4.9504
2022-09-09,JPM,Financials,103.7398,108.93,101.6892,108.1315,41121030.0,4.8017,104.897,125.0396,23.8285,4446478655.445,7.1205
2022-09-16,JPM,Financials,109.4472,110.2911,104.2389,106.2351,56530497.0,-1.7538,105.2491,124.4079,21.0871,6005523001.8447,5.8061
2022-09-23,JPM,Financials,105.2551,107.7322,97.2339,99.0305,60090487.0,-6.7818,104.7502,123.5468,24.0611,5950790972.8535,10.7969
2022-09-30,JPM,Financials,97.9961,99.4524,94.7277,94.8203,69997130.0,-4.2514,104.1537,122.5353,24.8467,6637148865.739,4.9876
2022-10-07,JPM,Financials,96.7048,103.4527,95.6427,97.0344,62407728.0,2.335,103.6358,121.4969,25.303,6055696441.8432,8.1658
2022-10-14,JPM,Financials,97.7211,105.5127,92.7311,101.8046,90671236.0,4.916,103.5833,120.6119,27.3891,9230748912.4856,13.7836
2022-10-21,JPM,Financials,105.6684,112.0592,104.6704,111.9127,93688734.0,9.9289,104.1819,119.833,33.7937,10484959181.5218,7.0591
2022-10-28,JPM,Financials,111.7663,115.6209,110.6859,115.4378,58171856.0,3.1499,105.0099,119.1541,34.1554,6715231078.5568,4.4586
2022-11-04,JPM,Financials,115.0899,119.7868,114.9891,119.6495,70056914.0,3.6485,106.1339,118.5876,34.577,8382274731.643,4.1723
2022-11-11,JPM,Financials,119.9425,124.6761,118.3127,123.8795,58445424.0,3.5353,107.1387,118.1228,33.7073,7240189902.408,5.3784
2022-11-18,JPM,Financials,123.4218,124.2733,120.1989,122.5428,51310404.0,-1.079,108.2849,117.7336,33.0106,6287720575.2912,3.3897
2022-11-25,JPM,Financials,122.4512,125.5642,121.5448,125.198,27522887.0,2.1668,109.9118,117.3783,31.6112,3445810406.626,3.307
2022-12-02,JPM,Financials,124.5845,126.9559,121.9476,123.7513,50384650.0,-1.1555,111.4945,117.0572,31.7204,6235165937.545,4.1069
2022-12-09,JPM,Financials,122.909,123.7056,118.9079,121.0046,52725722.0,-2.2195,112.4847,116.6572,31.6588,6380054900.3212,4.0348
2022-12-16,JPM,Financials,121.2243,125.5184,117.5848,118.3768,62057122.0,-2.1717,113.4187,116.2589,31.8244,7346123519.5696,6.7471
2022-12-23,JPM,Financials,118.7064,121.7553,117.5711,120.1988,39361823.0,1.5392,115.047,115.8871,27.0923,4731243890.4124,3.5589
2022-12-30,JPM,Financials,120.4644,122.9914,119.5305,122.7808,30116476.0,2.1481,117.1978,115.5463,23.9839,3697725016.4608,2.8954
2023-01-06,JPM,Financials,124.7394,127.6356,123.3194,127.2298,41152762.0,3.6235,119.5205,115.1234,24.1862,5235857678.7076,3.5001
2023-01-13,JPM,Financials,127.8385,132.3488,124.3336,131.9061,57436373.0,3.6755,121.836,114.9495,23.6951,7576207960.5753,6.4466
2023-01-20,JPM,Financials,130.2091,130.5503,123.1807,124.5919,54081345.0,-5.545,122.8114,114.8549,21.5417,6738097528.1055,5.9828
2023-01-27,JPM,Financials,124.6241,130.2874,124.352,129.425,41376703.0,3.8791,123.8873,114.827,21.9222,5355179785.775,4.773
2023-02-03,JPM,Financials,128.4196,131.2789,127.2851,130.1352,48083135.0,0.5487,124.6939,114.7106,21.1162,6257308389.852,3.1377
2023-02-10,JPM,Financials,129.342,133.1329,127.8293,130.0891,38838046.0,-0.0354,125.1716,114.5699,20.2184,5052406449.8986,4.1489
2023-02-17,JPM,Financials,130.3289,132.7178,129.1944,131.1959,39229313.0,0.8508,125.8372,114.4811,19.9679,5146725025.4167,2.7272
2023-02-24,JPM,Financials,129.7662,130.3842,126.764,129.9876,38298682.0,-0.921,126.2056,114.4407,19.8471,4978353756.3432,2.8559
2023-03-03,JPM,Financials,131.076,132.5979,128.7056,132.5057,48794178.0,1.9372,126.879,114.6816,19.8116,6465506711.8146,3.0242
2023-03-10,JPM,Financials,132.3028,132.8562,117.8956,123.2729,94499175.0,-6.9679,127.0535,114.8396,24.4369,11649187349.8575,12.6897
2023-03-17,JPM,Financials,121.0223,125.0069,115.7096,116.0416,169796424.0,-5.8661,126.8739,114.666,26.9741,19703448715.2384,8.0351
2023-03-24,JPM,Financials,117.13,121.502,113.5513,115.2115,96938037.0,-0.7153,126.4902,114.4453,26.7611,11168376649.8255,7.0019
2023-03-31,JPM,Financials,116.9455,120.2199,116.4843,120.1922,69509551.0,4.3231,126.2911,114.4338,27.9371,8354505855.7022,3.2069
2023-04-06,JPM,Financials,120.7623,122.1845,117.5552,118.4941,41730216.0,-1.4128,125.6191,114.4037,26.8273,4944784387.7256,3.938
2023-04-14,JPM,Financials,117.6296,129.3237,117.3321,128.9612,88196124.0,8.8334,125.3926,114.7023,31.8106,11373877986.3888,10.2203
2023-04-21,JPM,Financials,130.0952,131.7964,127.9665,130.6437,61308360.0,1.3047,125.8581,115.0214,29.5871,8009550991.332,2.9929
2023-04-28,JPM,Financials,130.5647,131.1643,124.5643,128.5057,51364253.0,-1.6365,125.7874,115.4282,28.8588,6600599286.7421,5.2985
2023-05-05,JPM,Financials,132.2426,133.2744,122.5285,127.1113,75810673.0,-1.0851,125.5548,115.7328,28.9137,9636393198.9049,8.7702
2023-05-12,JPM,Financials,127.8085,128.3384,123.7555,124.6572,40007736.0,-1.9307,125.137,116.0703,29.1409,4987252348.0992,3.7031
2023-05-19,JPM,Financials,124.8152,130.5973,124.5271,129.3795,51326086.0,3.7882,124.9972,116.5289,30.1961,6640543343.637,4.8746
2023-05-26,JPM,Financials,131.0713,131.6662,125.1034,127.2972,46547816.0,-1.6095,124.7903,116.7065,30.3156,5925406642.9152,5.246
2023-06-02,JPM,Financials,127.1671,131.5176,124.9402,130.5787,46321329.0,2.5778,124.6421,116.9664,30.5266,6048578923.0923,5.2644
2023-06-09,JPM,Financials,130.244,131.815,128.4034,131.0806,41746819.0,0.3844,125.2427,117.4195,26.5716,5472198082.6114,2.6569
2023-06-16,JPM,Financials,131.1364,133.8276,129.9187,133.1722,47527100.0,1.5957,126.5604,118.0255,22.6894,6329288466.62,3.0087
2023-06-23,JPM,Financials,132.5679,133.8786,127.9293,129.0727,38353331.0,-3.0783,127.6266,118.4785,23.9689,4950367986.1637,4.6505
2023-06-30,JPM,Financials,129.0913,135.7193,127.9944,135.1987,53778441.0,4.7462,128.781,119.1059,24.242,7270775311.2267,6.0353
2023-07-07,JPM,Financials,136.8354,138.0429,132.3895,135.1038,35652697.0,-0.0702,130.0587,119.7085,23.8176,4816814844.9486,4.2703
2023-07-14,JPM,Financials,135.2535,143.1067,135.2535,140.1863,69952234.0,3.7619,130.9221,120.4335,18.1281,9806344861.1942,5.8062
2023-07-21,JPM,Financials,140.7292,146.57,140.7292,145.0349,63836404.0,3.4587,132.0291,121.2201,18.9467,9258506470.4996,4.1503
2023-07-28,JPM,Financials,145.0536,148.6245,144.829,146.8695,52939077.0,1.2649,133.4417,122.0316,18.1772,7775135769.4515,2.6207
2023-08-04,JPM,Financials,147.1222,149.1814,144.0895,146.0364,36350682.0,-0.5672,134.8975,122.82,17.9402,5308522736.8248,3.5338
2023-08-11,JPM,Financials,146.5793,147.6089,142.8259,144.5669,33328790.0,-1.0063,136.429,123.4691,17.3486,4818239851.051,3.3488
2023-08-18,JPM,Financials,143.7806,145.0047,138.0089,139.4375,40794192.0,-3.5481,137.2027,124.0805,18.7074,5688240147.0,5.0691
2023-08-25,JPM,Financials,140.074,140.4999,136.1521,137.6404,39096574.0,-1.2888,137.9984,124.7265,18.5531,5381268083.9896,3.1933
2023-09-01,JPM,Financials,138.1271,139.606,136.3768,137.4251,36545915.0,-0.1564,138.525,125.3851,18.1118,5022326023.4665,2.3679
2023-09-08,JPM,Financials,137.7433,138.726,133.5219,134.6264,31967895.0,-2.0365,138.7978,125.8947,18.7693,4303722619.428,3.8976
2023-09-15,JPM,Financials,135.4876,140.3034,134.4954,139.2878,53441613.0,3.4625,139.2682,126.5303,19.7032,7443764703.2214,4.3183
2023-09-22,JPM,Financials,138.6794,140.6357,135.8995,136.4049,36917608.0,-2.0697,139.8322,127.249,19.0277,5035742627.4792,3.4851
2023-09-29,JPM,Financials,136.0492,139.3439,134.5048,135.7403,42016788.0,-0.4872,139.8739,128.0359,16.6463,5703371408.1564,3.5978
2023-10-06,JPM,Financials,136.5585,137.5486,132.787,136.8131,45577368.0,0.7903,140.0053,128.8009,16.7071,6235581005.9208,3.5859
2023-10-13,JPM,Financials,135.4554,144.3657,135.305,139.5475,66923486.0,1.9986,139.9562,129.5267,15.36,9339005162.585,6.6965
2023-10-20,JPM,Financials,140.9147,140.9807,134.0033,134.7859,58242955.0,-3.4122,139.1678,129.9666,14.7635,7850329108.3345,5.2069
2023-10-27,JPM,Financials,134.7764,135.4742,127.4691,127.9405,53801477.0,-5.0787,137.7117,130.207,16.7195,6883387868.1185,6.2801
2023-11-03,JPM,Financials,128.6477,135.559,128.2705,134.833,48684942.0,5.3873,136.8499,130.499,21.1018,6564336784.686,5.6822
2023-11-10,JPM,Financials,134.9934,138.1143,134.6351,138.0672,37517559.0,2.3987,136.35,130.7719,21.8831,5179944321.9648,2.5842
2023-11-17,JPM,Financials,137.3788,144.1299,136.8697,144.0922,40909635.0,4.3638,136.708,131.1863,22.5229,5894759308.347,5.3045
2023-11-24,JPM,Financials,143.3945,145.6178,143.2436,144.7711,22775931.0,0.4712,137.2565,131.5627,22.2591,3297296584.3941,1.6575
2023-12-01,JPM,Financials,144.6674,148.8443,143.9885,147.8826,40753897.0,2.1493,138.061,132.0268,22.4711,6026792248.4922,3.3724
2023-12-08,JPM,Financials,147.1095,150.1267,146.9775,149.4667,43525699.0,1.0712,139.2025,132.5741,21.7322,6505642594.7233,2.1427
2023-12-15,JPM,Financials,149.4667,155.8406,149.1178,155.7935,64648322.0,4.2329,140.4722,133.2937,22.1835,10071788353.507,4.5084
2023-12-22,JPM,Financials,156.444,159.7347,156.0952,157.8395,42649319.0,1.3133,142.121,134.0175,21.2263,6731747186.3005,2.3316
2023-12-29,JPM,Financials,157.8961,160.9416,157.6321,160.3853,23117408.0,1.6129,144.0168,134.7407,20.9297,3707692417.3024,2.0995
2024-01-05,JPM,Financials,160.4096,164.4794,160.2389,163.4264,41840689.0,1.8961,146.064,135.4368,20.9228,6837873176.7896,2.6464
2024-01-12,JPM,Financials,163.1892,167.259,159.9828,160.3717,62179766.0,-1.8692,147.6658,135.9842,21.8647,9971874779.0222,4.5481
2024-01-19,JPM,Financials,156.4063,161.8137,155.8655,161.567,50811805.0,0.7453,149.7259,136.6952,19.5951,8209510898.435,3.8162
2024-01-26,JPM,Financials,161.7093,164.1759,159.793,163.4359,47134910.0,1.1567,152.4563,137.3493,13.6866,7703536437.269,2.7428
2024-02-02,JPM,Financials,163.3979,169.1468,162.5062,165.7601,47277724.0,1.4221,154.8353,138.0344,11.4446,7836760258.0124,4.0864
2024-02-09,JPM,Financials,164.9347,166.8416,164.043,166.0257,34168336.0,0.1602,156.986,138.7255,11.6522,5672821902.2352,1.706
2024-02-16,JPM,Financials,165.8076,170.9588,163.7537,169.8394,40869648.0,2.2971,158.9665,139.4686,10.0248,6941276494.5312,4.4
2024-02-23,JPM,Financials,169.9911,175.6926,169.2464,174.5447,33098108.0,2.7704,161.2568,140.3255,10.2711,5777099331.4276,3.8087
2024-03-01,JPM,Financials,174.3171,176.869,172.8846,175.778,34949072.0,0.7066,163.4026,141.1577,10.2558,6143277978.016,2.3047
2024-03-08,JPM,Financials,175.2278,180.7206,174.8104,178.5576,35044804.0,1.5813,165.6404,142.2208,10.2471,6257516094.7104,3.3809
2024-03-15,JPM,Financials,177.6658,181.8874,176.6603,180.5308,46408788.0,1.1051,167.5432,143.461,8.184,8378215624.6704,2.9589
2024-03-22,JPM,Financials,180.8439,190.1882,180.1419,186.5264,46172239.0,3.3211,169.7499,144.8324,9.2744,8612341520.6096,5.5769
2024-03-28,JPM,Financials,186.5074,190.4159,184.0935,190.0175,31935569.0,1.8716,172.0293,146.1752,9.3264,6068316982.4575,3.4344
2024-04-05,JPM,Financials,190.8386,191.7451,186.1819,188.4148,37874303.0,-0.8434,173.9515,147.5199,10.1653,7136079224.8844,2.9881
2024-04-12,JPM,Financials,188.577,189.8748,174.187,174.4256,63753518.0,-7.4247,175.0326,148.3942,19.2408,11120245629.2608,9.0062
2024-04-19,JPM,Financials,176.0574,178.8819,170.9999,177.2979,63195519.0,1.6467,176.2426,149.2914,19.3379,11204432808.1101,4.6094
2024-04-26,JPM,Financials,177.4792,185.9529,177.4697,184.636,43854865.0,4.1389,177.8734,150.3708,20.4938,8097186854.14,4.7801
2024-05-03,JPM,Financials,184.6264,186.0673,179.8361,181.7923,36435945.0,-1.5402,179.1067,151.4224,21.0659,6623774244.2235,3.4649
2024-05-10,JPM,Financials,182.9565,190.2182,181.1292,189.6744,40334547.0,4.3358,180.9258,152.6727,22.1823,7650431001.4968,5.018
2024-05-17,JPM,Financials,189.703,195.667,188.9778,195.4189,41773808.0,3.0286,182.8935,153.9427,22.4042,8163391608.1712,3.5397
2024-05-24,JPM,Financials,195.0372,196.459,186.4586,191.5256,56645068.0,-1.9923,184.1997,155.1778,22.9128,10848980635.7408,5.3634
2024-05-31,JPM,Financials,190.7145,193.997,187.8804,193.3577,34277855.0,0.9566,185.552,156.3851,22.9155,6627887203.7335,3.2556
2024-06-07,JPM,Financials,193.0524,193.1574,186.3918,190.8004,36249031.0,-1.3226,186.4937,157.5336,23.2114,6916329614.4124,3.6298
2024-06-14,JPM,Financials,190.1229,191.6496,182.1454,184.9127,43519647.0,-3.0858,186.8308,158.5286,24.2741,8047335429.8169,5.2179
2024-06-21,JPM,Financials,184.6264,190.3233,183.8249,187.3174,47451973.0,1.3005,186.8916,159.6487,23.4854,8888580207.2302,3.5351
2024-06-28,JPM,Financials,188.7583,193.3291,187.2936,193.0047,47681489.0,3.0362,187.1214,160.7603,23.9802,9202751479.9983,3.2225
2024-07-05,JPM,Financials,194.6451,201.8805,194.4724,196.5163,31662793.0,1.8194,187.7446,161.9414,24.0828,6222254928.0259,3.8093
2024-07-12,JPM,Financials,196.7562,201.2855,193.9349,196.6602,52206096.0,0.0732,189.455,163.0274,17.26,10266861280.5792,3.7902
2024-07-19,JPM,Financials,198.8193,208.7704,198.3683,201.3047,54360181.0,2.3617,191.3016,164.1095,17.4427,10942959928.1507,5.2438
2024-07-26,JPM,Financials,201.9572,204.5481,199.6446,203.6653,34771003.0,1.1727,192.7654,165.2017,16.0925,7081646757.2959,2.4561
2024-08-02,JPM,Financials,204.0587,207.6476,188.9354,191.0945,53416298.0,-6.1723,193.481,166.0682,20.9272,10207560758.161,9.904
2024-08-09,JPM,Financials,186.2102,198.1284,183.1875,197.4855,47038650.0,3.3444,194.0818,167.0859,20.2057,9289451314.575,8.1561
2024-08-16,JPM,Financials,198.0708,205.4406,195.4319,205.3254,35255944.0,3.9699,194.8439,168.353,20.8251,7238940804.1776,5.1213
2024-08-23,JPM,Financials,205.3541,210.3344,204.241,209.49,29394592.0,2.0283,196.2258,169.7347,20.354,6157873078.08,2.9835
2024-08-30,JPM,Financials,210.1617,216.3703,209.2405,215.7178,31787145.0,2.9728,197.9458,171.2403,20.845,6857052987.681,3.4075
2024-09-06,JPM,Financials,213.3189,215.0461,202.5617,203.8764,32146621.0,-5.4893,198.9516,172.5721,24.1591,6553937361.6444,6.1632
2024-09-13,JPM,Financials,206.496,209.8067,192.5051,196.0652,70283170.0,-3.8313,199.8095,173.6639,24.6874,13780083782.684,8.9876
2024-09-20,JPM,Financials,197.5142,203.3486,197.2839,202.5617,56988299.0,3.3134,200.9821,174.9362,25.2889,11543646725.5483,3.0741
2024-09-27,JPM,Financials,202.4754,204.3466,200.182,201.9956,38363180.0,-0.2795,201.6737,176.2103,24.8045,7749193562.008,2.0804
2024-10-04,JPM,Financials,199.1465,204.3204,197.2449,203.886,40484049.0,0.9359,202.2406,177.5002,24.6488,8254130814.414,3.5872
2024-10-11,JPM,Financials,203.7026,216.8303,201.1446,214.5716,46012369.0,5.241,203.6184,178.9429,26.5049,9872947636.1204,7.7982
2024-10-18,JPM,Financials,215.45,218.0756,211.28,217.5447,38137994.0,1.3856,204.8677,180.5345,26.3166,8296718463.3318,3.2164
2024-10-25,JPM,Financials,217.3999,217.8632,213.2057,214.5909,34009202.0,-1.3578,205.7081,182.2008,26.5886,7298065265.4618,2.1845
2024-11-01,JPM,Financials,215.5948,218.8767,213.8862,215.199,35287285.0,0.2834,207.5623,183.7463,22.4107,7593788444.715,2.3332
2024-11-08,JPM,Financials,214.9191,239.3889,211.5599,228.7515,63771198.0,6.2977,209.9674,185.4902,24.4557,14587757199.297,13.1542
2024-11-15,JPM,Financials,231.6667,237.8638,230.4697,236.7923,49041630.0,3.5151,212.3879,187.2729,24.2477,11612680363.449,3.2082
2024-11-22,JPM,Financials,239.1572,240.499,230.3539,239.9198,41641348.0,1.3208,214.7287,189.1027,24.1785,9990583883.8904,4.4041
2024-11-29,JPM,Financials,240.9237,245.4798,239.7171,241.0492,27474582.0,0.4707,216.6772,190.8944,23.8546,6622726011.4344,2.404
2024-12-06,JPM,Financials,240.8851,241.5608,233.8192,238.7711,34995974.0,-0.9451,219.3614,192.6118,19.9923,8356027207.5514,3.3109
2024-12-13,JPM,Financials,238.5491,239.3503,230.8401,231.6088,40575767.0,-2.9997,222.0956,194.0698,19.1253,9397704703.9496,3.6866
2024-12-20,JPM,Financials,232.2555,232.3134,221.5602,229.35,72577224.0,-0.9753,224.1562,195.445,19.1132,16645586324.4,4.8534
2024-12-27,JPM,Financials,227.8731,234.9389,226.7244,232.796,22523395.0,1.5025,226.5255,196.8375,18.931,5243356262.42,3.6231
2025-01-03,JPM,Financials,230.4794,236.3772,228.877,234.8328,29306703.0,0.8749,228.906,198.2107,18.9341,6882175124.2584,3.277
2025-01-10,JPM,Financials,236.4543,238.39,231.6465,232.7429,37603306.0,-0.89,230.3038,199.6024,17.0326,8751902488.0274,2.9111
2025-01-17,JPM,Financials,232.5488,252.8763,231.8987,251.4597,73831670.0,8.0418,232.9126,201.3311,22.5747,18565689588.699,9.046
2025-01-24,JPM,Financials,252.3427,259.1639,251.7933,256.971,41149970.0,2.1917,236.1726,203.1299,21.9641,10574348940.87,2.9272
2025-01-31,JPM,Financials,256.3209,262.7733,254.4677,259.3579,38532253.0,0.9289,239.5695,204.9299,21.8548,9993644220.3487,3.2639
2025-02-07,JPM,Financials,254.0504,270.2736,253.9251,267.6053,33834010.0,3.1799,242.5582,206.8833,19.6604,9054160396.253,6.4383
2025-02-14,JPM,Financials,267.9449,270.9367,261.5798,268.3718,36594916.0,0.2864,244.9874,208.7782,19.0991,9821043477.7688,3.5771
2025-02-21,JPM,Financials,268.5368,271.9231,255.0304,256.3888,41609283.0,-4.4651,246.2543,210.3521,21.967,10668154137.2304,6.6238
2025-02-28,JPM,Financials,257.6016,259.0668,245.8224,256.7866,44596348.0,0.1552,247.4648,211.9099,21.9812,11451744575.3368,5.3878
2025-03-07,JPM,Financials,256.1559,258.407,232.3063,235.0813,60867330.0,-8.4527,247.181,212.9969,28.3653,14308771063.929,11.2355
2025-03-14,JPM,Financials,229.1916,230.453,217.5675,225.5336,81357533.0,-4.0614,246.7137,213.8624,28.9182,18348857304.6088,5.9225
2025-03-21,JPM,Financials,224.3111,235.1298,223.6076,234.4506,57706857.0,3.9537,247.106,214.784,29.9552,13529407247.7642,5.1528
2025-03-28,JPM,Financials,238.1862,247.1031,233.946,235.6343,51496503.0,0.5049,247.3244,215.6612,29.8406,12134342436.8529,5.624
2025-04-04,JPM,Financials,233.8432,241.496,204.0719,205.3905,73775587.0,-12.8351,245.0596,215.9877,39.483,15152804701.7235,18.3387
2025-04-11,JPM,Financials,200.9854,233.0276,197.4593,230.7078,105603344.0,12.3264,244.903,217.07,47.5042,24363515166.8832,18.013
2025-04-17,JPM,Financials,231.5869,234.2046,222.6301,226.5664,42810978.0,-1.7951,242.9881,218.0175,44.3804,9699529165.9392,5.199
2025-04-25,JPM,Financials,225.2673,241.0516,221.0732,237.8869,51188103.0,4.9965,241.5201,219.0416,45.4915,12176979139.5507,9.037
2025-05-02,JPM,Financials,238.8734,247.7214,232.8859,246.6385,43457407.0,3.6789,240.5417,220.2886,46.1687,10718269676.3695,6.3703
2025-05-09,JPM,Financials,245.3395,249.9302,243.0441,247.1953,33952702.0,0.2258,238.9717,221.3948,45.6077,8392948356.7006,2.8333
2025-05-16,JPM,Financials,256.787,263.253,252.6846,261.3386,44983466.0,5.7215,238.4307,222.6625,47.2395,11755916027.5876,4.1825
2025-05-23,JPM,Financials,259.3753,262.0808,250.0474,254.6478,41231381.0,-2.5602,238.2968,223.8764,46.6094,10499480462.6118,4.8125
2025-05-30,JPM,Financials,255.9469,260.5181,255.898,257.8613,29101617.0,1.2619,238.3795,225.1168,46.6632,7504180791.7221,1.8054
2025-06-06,JPM,Financials,256.9041,260.9088,254.2571,259.5511,34842650.0,0.6553,240.2617,226.4389,42.7089,9043448134.415,2.6161
2025-06-13,JPM,Financials,259.8149,263.3506,256.6014,258.7893,36973854.0,-0.2935,242.8199,227.8596,41.4474,9568437794.9622,2.6302
2025-06-20,JPM,Financials,260.7916,271.2624,260.6451,268.6056,38861395.0,3.7932,245.4472,229.4229,41.4027,10438388320.812,4.0734
2025-06-27,JPM,Financials,268.6642,282.6805,265.7855,280.434,51000096.0,4.4036,248.8933,231.1042,41.8483,14302160921.664,6.3566
2025-07-03,JPM,Financials,284.989,290.8772,281.25,290.4847,36727754.0,3.584,255.439,232.9113,28.0874,10668850602.3638,3.423
2025-07-11,JPM,Financials,289.7487,290.524,275.087,281.515,51338910.0,-3.0878,259.3473,234.5431,21.5066,14452673248.65,5.6116
2025-07-18,JPM,Financials,281.7211,287.0499,277.7367,285.8428,52312341.0,1.5373,263.907,236.1689,20.2331,14953106025.9948,3.3532
2025-07-25,JPM,Financials,285.5779,294.0077,283.7918,293.0559,34619229.0,2.5234,268.1508,237.8879,19.1359,10145369311.9011,3.5998
2025-08-01,JPM,Financials,292.1137,295.6791,278.9414,283.9782,48294641.0,-3.0976,271.023,239.6741,20.7528,13714625220.8262,6.0004
2025-08-08,JPM,Financials,284.8517,290.2737,279.4011,283.3796,34853645.0,-0.2108,273.8065,241.3259,20.8532,9876811978.642,3.8914
2025-08-15,JPM,Financials,284.0077,289.9941,281.8094,285.0774,36165453.0,0.5991,275.6325,242.8596,18.2868,10309953311.0622,2.9043
2025-08-22,JPM,Financials,284.5965,291.6231,281.9173,290.7202,33969628.0,1.9794,278.4073,244.4218,16.9867,9875657046.0856,3.4428
2025-08-29,JPM,Financials,290.7202,297.3052,288.0314,295.8037,31834435.0,1.7486,281.326,245.9619,17.0408,9416743660.4095,3.2197
2025-09-05,JPM,Financials,294.6653,299.4642,288.8262,288.8949,29839161.0,-2.3356,283.5832,247.5968,18.3676,8620381433.1789,3.6832
2025-09-12,JPM,Financials,289.3954,301.8195,286.0096,301.1914,38613168.0,4.2564,286.8449,249.6185,19.3598,11629954128.3552,5.5277
2025-09-19,JPM,Financials,301.4466,309.9158,301.412,308.9148,57924596.0,2.5643,289.9456,251.6637,18.7963,17893764988.4208,2.8213
2025-09-26,JPM,Financials,304.0275,311.8883,303.7871,310.1709,37756457.0,0.4066,292.233,253.744,17.4127,11710954248.5013,2.6667
2025-10-03,JPM,Financials,311.1523,312.0846,300.4358,304.2533,41150795.0,-1.9079,293.2922,255.6742,17.0758,12520265176.3735,3.8773
2025-10-10,JPM,Financials,305.8773,307.423,296.6373,296.7162,37816318.0,-2.4772,294.4615,257.2539,16.5743,11220714174.9516,3.636
2025-10-17,JPM,Financials,301.3609,307.7903,290.119,293.4324,59025114.0,-1.1067,295.0453,258.7133,16.6521,17319880861.2936,6.0911
2025-10-24,JPM,Financials,294.3593,299.8323,286.5145,296.2724,34988869.0,0.9679,295.2927,260.2841,16.0,10366236191.9156,4.6482
2025-10-31,JPM,Financials,297.9686,308.53,296.8345,306.8043,34734392.0,3.5548,297.0486,262.0457,15.7569,10656660823.4856,3.9401
2025-11-07,JPM,Financials,306.6859,310.4727,300.8678,309.8514,36196143.0,0.9932,299.0849,263.6053,15.6661,11215425583.1502,3.1924
2025-11-14,JPM,Financials,310.6305,317.7799,297.0515,299.3985,40703228.0,-3.3735,300.1865,264.8093,17.675,12186485408.358,6.9781
2025-11-21,JPM,Financials,299.783,305.6209,288.7484,293.886,41236308.0,-1.8412,300.43,265.8471,17.8515,12118773612.888,5.8433
2025-11-28,JPM,Financials,294.103,309.3682,290.4247,308.7371,32050673.0,5.0534,301.4249,267.1488,20.2299,9895231835.0683,6.5227
2025-12-05,JPM,Financials,308.6089,314.072,302.5442,310.6699,39658369.0,0.626,303.0999,268.5315,19.3649,12320661531.3931,3.8103
2025-12-12,JPM,Financials,310.6896,315.8273,294.3199,314.1016,62307060.0,1.1046,304.093,270.1179,17.7393,19570747237.296,7.3075
2025-12-19,JPM,Financials,315.1568,318.4011,307.889,312.8098,63853432.0,-0.4113,304.3926,271.7228,17.1179,19973979293.2336,3.4143
2025-12-26,JPM,Financials,313.1057,326.2705,313.1057,323.3614,23470492.0,3.3732,305.4073,273.4645,18.3177,7589451151.8088,4.2046
2026-01-02,JPM,Financials,322.464,323.2233,316.2909,320.9651,29642172.0,-0.7411,306.6928,275.1209,17.8367,9514102700.1972,2.1918
2026-01-09,JPM,Financials,322.4237,334.0626,321.5322,326.0788,46703865.0,1.5932,308.9514,276.9158,16.7781,15229140254.562,3.8971
2026-01-16,JPM,Financials,318.8419,323.7709,303.2269,309.5169,87531652.0,-5.0791,310.1887,278.0323,20.2153,27092525578.9188,6.7751
2026-01-23,JPM,Financials,303.3161,308.2094,293.7077,294.9063,44584779.0,-4.7205,310.0836,278.7618,22.6372,13148332211.2077,4.9374
2026-01-30,JPM,Financials,294.9955,305.0198,294.6389,302.9991,56171259.0,2.7442,309.7909,279.6011,22.1397,17019840922.8669,3.5233
2026-02-06,JPM,Financials,301.5826,321.1806,298.5218,319.353,57895619.0,5.3973,310.5218,280.5962,24.6507,18489139614.507,7.5903
2026-02-13,JPM,Financials,318.303,323.3152,293.7176,299.6906,52641105.0,-6.1569,310.5443,281.1985,26.9618,15776044342.113,10.0769
2026-02-20,JPM,Financials,299.8986,309.3286,299.641,307.8527,30636749.0,2.7235,311.6186,282.1882,27.1031,9431605898.8723,3.2331
2026-02-27,JPM,Financials,305.8816,308.0608,288.6262,297.4619,60233665.0,-3.3753,310.7513,282.9704,26.0874,17917220434.8635,6.7335
2026-03-06,JPM,Financials,292.0237,299.5321,281.0286,286.7441,53071813.0,-3.6031,308.9109,283.9639,26.8497,15218029254.0533,6.5842
2026-03-13,JPM,Financials,282.8017,289.9832,276.4622,280.7612,53642610.0,-2.0865,306.3462,285.026,26.7559,15060763554.732,4.8907
2026-03-20,JPM,Financials,283.6338,289.0026,281.9201,283.8517,59450428.0,1.1008,304.1187,285.976,27.0196,16875105053.5276,2.5122
2026-03-27,JPM,Financials,291.5285,294.827,279.0872,280.1669,53293821.0,-1.2981,300.796,286.8324,25.5594,14931164618.7249,5.6398
2026-04-02,JPM,Financials,282.049,295.8969,279.6618,291.8158,42627649.0,4.1578,298.5538,288.4944,27.6027,12439421495.0542,5.8053
2026-04-10,JPM,Financials,292.7597,309.8837,291.4039,308.4998,38238163.0,5.7173,297.2015,289.9904,30.1752,11796465637.8674,6.3416
2026-04-17,JPM,Financials,306.1104,313.5075,302.9146,308.9179,48950561.0,0.1355,297.1555,291.5741,28.3784,15121704507.9419,3.497
2026-04-24,JPM,Financials,309.4754,318.8189,306.5285,306.9168,35587153.0,-0.6478,298.0793,292.9016,26.5154,10922295119.8704,4.0095
2026-05-01,JPM,Financials,305.523,314.6823,305.2144,311.0883,38356464.0,1.3592,298.7016,294.141,26.1198,11932247179.7712,3.1021
2026-05-08,JPM,Financials,309.2464,314.9013,299.1712,300.7641,40108428.0,-3.3187,297.2717,295.1712,24.4603,12063175249.8348,5.2579
2026-05-15,JPM,Financials,300.7641,304.709,294.2431,296.4931,42783292.0,-1.42,297.0257,295.8473,21.2605,12684950873.2852,3.5569
2026-05-22,JPM,Financials,296.6823,306.0905,292.3714,305.0252,38747553.0,2.8777,296.8082,296.816,21.3495,11818980103.3356,4.6923
2026-05-29,JPM,Financials,307.1259,308.5595,293.8897,297.9865,43257148.0,-2.3076,296.8486,297.5877,20.7223,12890046132.502,4.9916
2026-06-05,JPM,Financials,296.3736,313.6071,293.9643,310.9887,42694086.0,4.3634,298.7135,298.5769,20.7597,13277378302.8282,6.682
2026-06-12,JPM,Financials,311.8648,319.8792,307.5142,319.3018,42410576.0,2.6731,301.6782,299.7406,20.202,13541773255.8368,4.021
2026-06-18,JPM,Financials,322.4876,336.595,317.4301,323.7819,51441252.0,1.4031,304.7498,300.8017,20.2156,16655746310.9388,6.0375
2026-06-26,JPM,Financials,328.2421,341.9298,325.3052,327.595,53362430.0,1.1777,308.3981,301.7086,19.5635,17481265255.85,5.1105
2026-07-02,JPM,Financials,326.8284,338.4965,323.5728,332.991,39687458.0,1.6472,311.5654,302.526,18.5618,13215566326.878,4.6122
2026-07-10,JPM,Financials,335.0,341.4,330.13,336.47,56164208.0,1.0448,313.7169,303.5829,15.5852,18897571065.76,3.4138
2026-07-17,JPM,Financials,338.34,351.24,325.75,341.1,54091396.0,1.3761,316.1925,304.6455,15.5909,18450575175.6,7.825
2019-01-04,XOM,Energy,48.6665,50.7679,47.9114,50.6824,62444010.0,4.3713,54.5246,55.5952,32.7113,3164812292.424,5.9619
2019-01-11,XOM,Energy,50.7536,51.7153,50.3903,51.0884,58697895.0,0.8011,54.04,55.4264,32.0467,2998781538.918,2.6293
2019-01-18,XOM,Energy,50.7251,52.2068,50.5043,51.9931,59807219.0,1.7709,53.593,55.2798,32.3291,3109562718.1889,3.3709
2019-01-25,XOM,Energy,51.5657,51.7936,50.3191,51.0884,48493861.0,-1.74,53.3173,55.0915,30.814,2477473768.3124,2.9304
2019-02-01,XOM,Energy,50.5898,54.4862,50.1268,54.0802,78561806.0,5.8561,53.032,55.0195,30.9491,4248638180.8412,8.6969
2019-02-08,XOM,Energy,54.5644,54.5716,52.3821,53.2824,65516072.0,-1.4752,52.6994,55.0371,31.0186,3490853554.7328,4.1798
2019-02-15,XOM,Energy,53.2104,56.0049,52.8647,55.9689,63352221.0,5.042,52.6781,55.0964,32.599,3545754121.9269,5.9401
2019-02-22,XOM,Energy,55.8608,56.8619,55.7816,56.4802,45969888.0,0.9135,52.8863,55.1523,31.1538,2596388468.2176,1.9367
2019-03-01,XOM,Energy,56.4874,57.6182,56.3218,57.6182,62680475.0,2.0149,52.9623,55.2564,29.5901,3611536144.645,2.3018
2019-03-08,XOM,Energy,57.7911,58.0144,56.0769,56.9052,83222209.0,-1.2375,53.0853,55.3599,29.2584,4735776447.5868,3.4549
2019-03-15,XOM,Energy,57.6038,58.2736,57.3661,57.7262,67934657.0,1.4428,53.3844,55.4718,28.6079,3921609596.9134,1.5819
2019-03-22,XOM,Energy,57.9351,59.0586,57.8343,57.9639,59525451.0,0.4118,54.1106,55.6179,17.5258,3450327289.2189,2.1171
2019-03-29,XOM,Energy,57.6182,58.6842,57.3229,58.1944,46353797.0,0.3977,54.8517,55.7455,17.4309,2697531404.1368,2.3747
2019-04-05,XOM,Energy,58.504,59.4403,58.0575,59.4115,46445353.0,2.0914,55.5232,55.8931,16.3242,2759388089.7595,2.3818
2019-04-12,XOM,Energy,59.5412,59.9229,58.0359,58.2808,53748295.0,-1.9032,56.0764,55.9796,17.5021,3132493631.236,3.2514
2019-04-18,XOM,Energy,58.2591,58.9362,57.9927,58.432,33347098.0,0.2594,56.5717,56.0535,17.4915,1948537630.336,1.6269
2019-04-26,XOM,Energy,58.965,60.1318,57.3013,57.9711,62238190.0,-0.7888,57.1012,56.1346,16.9579,3608016336.309,4.9397
2019-05-03,XOM,Energy,57.7046,57.9999,55.6303,55.796,65196061.0,-3.752,57.2331,56.1857,15.8942,3637679419.556,4.2595
2019-05-10,XOM,Energy,56.0294,56.5685,54.7547,55.7672,62496411.0,-0.0516,57.4243,56.1671,15.4689,3485249851.5192,3.3125
2019-05-17,XOM,Energy,55.1043,56.0512,54.7838,55.2937,49027739.0,-0.8491,57.3723,56.1392,11.8192,2710925091.9443,2.3135
2019-05-24,XOM,Energy,55.3957,55.6944,53.2032,53.9753,45216831.0,-2.3844,57.1797,56.1207,12.4409,2440592018.2743,4.6824
2019-05-31,XOM,Energy,54.0773,54.0846,51.4477,51.5497,51903558.0,-4.4939,56.7128,56.0137,13.8458,2675612843.8326,5.1253
2019-06-07,XOM,Energy,51.7827,54.6017,51.6953,54.3249,53706489.0,5.3835,56.5144,55.9363,18.5465,2917599644.2761,5.6221
2019-06-14,XOM,Energy,54.7693,55.2209,53.7641,54.1574,42658888.0,-0.3083,56.2398,55.8951,18.1493,2310294460.9712,2.7097
2019-06-21,XOM,Energy,54.019,56.6413,53.9316,56.5903,68542433.0,4.4923,56.1342,55.891,20.6604,3878836846.1999,5.0243
2019-06-28,XOM,Energy,56.4738,56.6413,55.1845,55.8182,54046783.0,-1.3644,55.9514,55.854,20.7595,3016794142.8506,2.6399
2019-07-05,XOM,Energy,56.1824,56.7651,54.9295,55.454,34056399.0,-0.6525,55.647,55.8153,20.1153,1888563550.146,3.3417
2019-07-12,XOM,Energy,55.4613,56.7287,55.1626,56.5466,36359985.0,1.9703,55.5136,55.7845,20.4282,2056033527.801,2.839
2019-07-19,XOM,Energy,56.5466,56.6267,54.0336,54.6236,47402001.0,-3.4007,55.2206,55.7424,21.3652,2589267941.8236,4.7991
2019-07-26,XOM,Energy,54.8057,55.3957,54.2667,54.4925,41942932.0,-0.24,54.953,55.6907,21.3587,2285575222.01,2.0805
2019-08-02,XOM,Energy,54.5434,55.1116,51.8483,52.2635,65667235.0,-4.0905,54.6813,55.6193,21.5959,3431999536.4225,6.2939
2019-08-09,XOM,Energy,51.557,52.7443,50.5518,51.6007,74585002.0,-1.2682,54.3608,55.5346,21.633,3848638312.7014,4.3372
2019-08-16,XOM,Energy,51.6701,52.0831,49.0667,50.3721,66086207.0,-2.381,53.9822,55.442,21.9383,3328901027.6247,6.1476
2019-08-23,XOM,Energy,50.8662,51.6111,49.4354,49.7747,54258513.0,-1.186,53.6591,55.3195,21.6622,2700701207.0211,4.401
2019-08-30,XOM,Energy,50.2394,50.9474,49.3913,50.5049,44671070.0,1.467,53.5787,55.2035,20.2282,2256107923.243,3.1507
2019-09-06,XOM,Energy,50.0698,52.3266,49.878,52.3118,37128079.0,3.5777,53.4239,55.0998,18.3322,1942236643.0322,4.9091
2019-09-13,XOM,Energy,52.4814,53.7278,52.1421,53.5729,53181858.0,2.4107,53.3789,55.0056,19.0921,2849106360.4482,3.041
2019-09-20,XOM,Energy,55.3429,55.4462,52.9976,53.1599,70007961.0,-0.7709,53.115,54.8729,16.3728,3721616205.9639,4.6201
2019-09-27,XOM,Energy,52.7469,53.3664,52.0905,52.7174,46828363.0,-0.8324,52.8765,54.7337,16.2792,2468669543.6162,2.4494
2019-10-04,XOM,Energy,52.5405,52.6953,48.9045,50.8663,59481462.0,-3.5114,52.5236,54.5546,17.4237,3025601890.5306,7.7515
2019-10-11,XOM,Energy,50.6671,51.2497,49.1478,50.8736,49153754.0,0.0144,52.0872,54.4293,16.5749,2500628419.4944,4.2767
2019-10-18,XOM,Energy,50.5933,51.6259,49.8632,49.8632,46727320.0,-1.9861,51.721,54.2766,15.8325,2329973702.624,3.535
2019-10-25,XOM,Energy,50.0182,51.6628,50.0182,51.0728,45361566.0,2.4258,51.458,54.2074,17.0054,2316742188.0048,3.2881
2019-11-01,XOM,Energy,51.2276,51.3825,49.5166,51.3309,68194498.0,0.5054,51.3862,54.0832,15.1502,3500484957.3882,3.7682
2019-11-08,XOM,Energy,52.3128,54.5899,52.2157,52.8354,69938464.0,2.931,51.4812,53.9914,16.0687,3695226720.8256,4.5468
2019-11-15,XOM,Energy,52.4173,52.7159,50.9018,51.6558,57164628.0,-2.2326,51.58,53.9032,15.9677,2952884591.0424,3.5641
2019-11-22,XOM,Energy,51.29,52.3949,50.2597,51.7902,65846306.0,0.2602,51.735,53.865,15.6766,3410193357.0012,4.2484
2019-11-29,XOM,Energy,51.7903,51.8425,50.7674,50.8645,42501366.0,-1.7874,51.7627,53.7541,15.9995,2161810730.907,2.1176
2019-12-06,XOM,Energy,51.1407,52.1635,50.409,51.8947,61838387.0,2.0254,51.7306,53.6885,14.7828,3209084541.8489,3.4805
2019-12-13,XOM,Energy,51.5737,52.6637,51.2676,51.6857,68512056.0,-0.4027,51.5854,53.6471,13.7979,3541093572.7992,2.7232
2019-12-20,XOM,Energy,52.0366,52.5443,51.6932,52.2158,91676030.0,1.0256,51.5128,53.7181,13.9756,4786937247.274,1.6464
2019-12-27,XOM,Energy,52.156,52.6338,51.9096,52.1784,37507758.0,-0.0716,51.4713,53.7877,13.8902,1957094800.0272,1.3951
2020-01-03,XOM,Energy,52.3277,53.2833,51.5214,52.5069,55682094.0,0.6296,51.5975,53.8228,11.7358,2923694141.4486,3.4198
2020-01-10,XOM,Energy,52.4995,53.2759,51.2377,51.6185,79417321.0,-1.692,51.6548,53.833,12.3677,4099402984.0385,3.9779
2020-01-17,XOM,Energy,51.6633,52.1635,50.9839,51.1855,69083890.0,-0.8388,51.7565,53.8175,11.7145,3536093451.595,2.3137
2020-01-24,XOM,Energy,51.0511,51.0809,49.3041,49.5131,72843124.0,-3.2673,51.6366,53.7872,12.559,3606688882.9244,3.6039
2020-01-31,XOM,Energy,48.8412,49.0727,46.1834,46.3775,107877154.0,-6.3329,51.2555,53.6391,17.3647,5003072709.635,6.2561
2020-02-07,XOM,Energy,45.825,47.0419,44.7126,45.8922,122541085.0,-1.0464,50.7214,53.4969,15.4245,5623679981.037,5.2096
2020-02-14,XOM,Energy,45.8082,46.6035,45.1569,45.937,81468467.0,0.0976,50.2815,53.304,15.3583,3742416968.579,3.2036
2020-02-21,XOM,Energy,45.5584,45.9143,44.5283,44.7858,66759439.0,-2.506,49.7427,53.0791,15.4669,2989874883.1662,3.1128
2020-02-28,XOM,Energy,43.6421,43.7784,36.3634,38.9613,208810222.0,-13.0052,48.8271,52.7203,28.4677,8135517702.4086,20.3916
2020-03-06,XOM,Energy,39.8323,41.0139,35.7499,36.121,209136707.0,-7.2901,47.6137,52.3206,28.9198,7554226993.547,14.7246
2020-03-13,XOM,Energy,31.5916,35.0378,26.5094,28.8725,330010575.0,-20.0673,45.8589,51.7658,44.6862,9528230326.6875,32.1714
2020-03-20,XOM,Energy,26.055,28.6908,23.654,24.7977,269485426.0,-14.1131,43.7498,51.128,47.2265,6682618748.3202,21.2936
2020-03-27,XOM,Energy,24.6386,29.9632,22.8057,27.9864,273470362.0,12.8589,41.8889,50.547,59.0783,7653450939.0768,31.3849
2020-04-03,XOM,Energy,27.441,31.9476,27.1608,29.6981,233611560.0,6.1162,40.1344,49.9756,62.0284,6937819470.036,17.6241
2020-04-09,XOM,Energy,30.2056,35.3787,29.7133,32.6672,183509192.0,9.9976,38.6766,49.483,67.9766,5994731476.9024,19.067
2020-04-17,XOM,Energy,33.6669,33.8487,29.486,32.7353,164985113.0,0.2085,37.2573,48.9889,68.1549,5400837169.5889,14.7958
2020-04-24,XOM,Energy,30.8645,34.0002,30.0162,33.1216,174547723.0,1.1801,35.9964,48.511,68.6439,5781299862.1168,13.2728
2020-05-01,XOM,Energy,33.0156,36.1135,31.9856,32.6748,156747505.0,-1.349,34.9424,48.0664,68.1941,5121693376.374,12.9055
2020-05-08,XOM,Energy,32.1976,35.712,31.9779,34.9773,121458825.0,7.0467,34.1028,47.6666,70.6758,4248301759.6725,11.6769
2020-05-15,XOM,Energy,35.6129,35.6825,31.0484,32.4386,125651040.0,-7.2581,33.0644,47.227,71.4363,4075943826.144,14.9254
2020-05-22,XOM,Energy,34.2922,36.0146,33.5585,34.4467,107627418.0,6.1905,32.2691,46.8515,73.3496,3707409379.6206,7.3188
2020-05-29,XOM,Energy,35.3271,36.4084,34.269,35.1186,86685821.0,1.9505,31.9735,46.5355,69.1624,3044284673.3706,6.243
2020-06-05,XOM,Energy,35.0028,41.282,34.6012,40.9962,124758298.0,16.7364,32.3485,46.2792,75.1469,5114616136.4676,19.308
2020-06-12,XOM,Energy,42.2628,42.7571,35.4584,36.4316,161970450.0,-11.1342,32.93,45.9383,65.548,5900842646.22,20.5838
2020-06-19,XOM,Energy,35.0259,38.4242,34.5625,35.5125,143669170.0,-2.5228,33.7542,45.533,56.538,5102051399.625,11.1732
2020-06-26,XOM,Energy,35.2886,36.4703,33.5971,33.6898,114875757.0,-5.1326,34.1929,45.1074,54.4639,3870141278.1786,8.5517
2020-07-02,XOM,Energy,33.8366,35.0492,33.3345,34.0451,74671241.0,1.0546,34.5273,44.6957,53.6174,2542189866.9691,5.1437
2020-07-10,XOM,Energy,34.5007,34.8174,31.7435,32.9406,103226249.0,-3.2442,34.5484,44.2417,50.7805,3400334577.8094,9.6837
2020-07-17,XOM,Energy,33.1955,34.8252,32.6163,33.6126,91353192.0,2.04,34.6158,43.8377,50.9002,3070618301.4192,6.7724
2020-07-24,XOM,Energy,33.3731,34.9023,32.8093,33.543,103054794.0,-0.2071,34.6483,43.4348,50.887,3456766955.142,6.3795
2020-07-31,XOM,Energy,33.3886,34.1764,31.5968,32.5004,113905642.0,-3.1082,34.6348,43.0548,51.2574,3701978927.2568,8.1643
2020-08-07,XOM,Energy,32.4772,34.2227,32.0293,33.5508,91403213.0,3.232,34.5251,42.7076,49.5852,3066650918.7204,6.8483
2020-08-14,XOM,Energy,34.646,36.5598,33.4016,34.0238,106798474.0,1.4098,34.6471,42.3932,47.139,3633689919.6812,9.4553
2020-08-21,XOM,Energy,34.0002,34.0159,32.0627,32.299,84121362.0,-5.0694,34.4818,42.0572,46.6868,2717035871.238,6.0919
2020-08-28,XOM,Energy,32.5116,33.4786,30.9561,32.0469,141800837.0,-0.7805,34.2456,41.7022,46.4333,4544277243.2553,8.1486
2020-09-04,XOM,Energy,32.0075,32.0705,30.4402,30.7789,127600841.0,-3.9567,33.4596,41.2881,27.831,3927413525.0549,5.3558
2020-09-11,XOM,Energy,30.1252,30.5899,28.7391,29.062,125602386.0,-5.5782,32.8927,40.8168,21.5283,3650256541.932,6.4401
2020-09-18,XOM,Energy,29.0699,30.0465,28.5186,29.2904,152319988.0,0.7859,32.4141,40.3577,21.9805,4461513376.5152,5.3576
2020-09-25,XOM,Energy,28.6918,29.0147,26.5889,27.282,144188456.0,-6.8569,31.9212,39.8686,23.4607,3933749456.592,9.1232
2020-10-02,XOM,Energy,27.6758,28.2744,25.3682,25.9746,135993628.0,-4.7922,31.3004,39.3899,23.5512,3532380089.8488,11.4561
2020-10-09,XOM,Energy,26.2424,28.3138,26.1243,27.3608,137118514.0,5.3368,30.8712,38.9377,27.5206,3751672237.8512,8.3811
2020-10-16,XOM,Energy,27.2032,27.4631,26.1991,26.8567,102552919.0,-1.8424,30.3515,38.4953,26.5259,2754232979.7073,4.8249
2020-10-23,XOM,Energy,26.8567,27.6286,26.0061,26.904,134566332.0,0.1761,29.8408,38.0305,26.6269,3620372596.128,6.2386
2020-10-30,XOM,Energy,26.4708,26.5968,24.5018,25.6911,186646554.0,-4.5083,29.317,37.5374,27.1092,4795155283.4694,8.5503
2020-11-06,XOM,Energy,26.1006,27.1639,25.6202,25.8171,177123045.0,0.4904,28.7221,37.0179,25.4393,4572803365.0695,6.0252
2020-11-13,XOM,Energy,29.361,30.6428,28.1114,29.0869,220274730.0,12.6652,28.3423,36.5838,38.476,6407109044.037,9.0049
2020-11-20,XOM,Energy,30.3042,31.5417,29.4739,29.7802,141499844.0,2.3835,28.1486,36.1606,38.0047,4213893654.2888,7.0159
2020-11-27,XOM,Energy,30.2317,33.924,30.0543,32.4003,119060059.0,8.7981,28.1758,35.8055,42.2839,3857581629.6177,12.8755
2020-12-04,XOM,Energy,32.0859,33.666,30.6106,33.6015,164978659.0,3.7074,28.3929,35.4537,41.7639,5543530410.3885,9.9816
2020-12-11,XOM,Energy,33.3918,35.8498,32.6017,35.3105,158835563.0,5.0861,28.8735,35.1388,40.0878,5608563147.3115,9.9629
2020-12-18,XOM,Energy,35.7458,35.8426,33.9078,34.4479,159909177.0,-2.4429,29.2703,34.7971,40.9007,5508535338.3783,5.7061
2020-12-24,XOM,Energy,33.142,34.1739,32.6744,33.537,76806378.0,-2.6443,29.7514,34.4386,37.979,2575855498.986,4.5892
2020-12-31,XOM,Energy,33.6095,34.3028,33.0291,33.2306,90595658.0,-0.9136,30.3096,34.0679,35.8264,3010548072.7348,3.8565
2021-01-08,XOM,Energy,33.416,36.939,33.0533,36.6488,166440965.0,10.2863,31.024,33.78,39.0345,6099861638.092,11.7561
2021-01-15,XOM,Energy,36.3102,41.1795,36.0764,38.6078,181754419.0,5.3453,31.928,33.5382,38.2867,7017138257.8682,14.1453
2021-01-22,XOM,Energy,39.0593,40.0993,37.6001,38.237,99598427.0,-0.9604,32.7997,33.3213,38.7095,3808345053.199,6.6467
2021-01-29,XOM,Energy,37.8097,38.5837,35.883,36.149,146711295.0,-5.4607,33.6042,33.1246,39.5341,5303466602.955,7.5264
2021-02-05,XOM,Energy,36.7455,40.4055,35.7055,40.2685,144879821.0,11.3959,34.7158,33.0165,42.6709,5834093071.9385,13.1632
2021-02-12,XOM,Energy,41.7559,42.9368,40.001,41.4279,137875993.0,2.8792,35.6652,32.9297,37.9202,5711912850.4047,7.3391
2021-02-19,XOM,Energy,42.6088,43.6826,42.33,42.945,96738582.0,3.662,36.6778,32.8943,37.9336,4154438403.99,3.1955
2021-02-26,XOM,Energy,43.1253,46.9426,43.1253,44.585,161732328.0,3.8188,37.6151,33.0025,35.8755,7210835843.88,8.8515
2021-03-05,XOM,Energy,46.3071,50.0628,45.8233,49.9644,206227193.0,12.0655,38.8738,33.2687,40.5824,10304017961.9292,9.252
2021-03-12,XOM,Energy,50.4975,51.2929,48.7672,50.8173,150604910.0,1.707,40.0666,33.6907,40.4788,7653334892.943,5.1791
2021-03-19,XOM,Energy,50.4237,50.723,45.766,46.3235,210526027.0,-8.8431,40.9801,34.1047,45.8603,9752302411.7345,10.8312
2021-03-26,XOM,Energy,46.3317,47.3813,44.6506,47.3239,158312542.0,2.1596,42.0407,34.4766,44.5176,7491966906.3538,6.1157
2021-04-01,XOM,Energy,47.0205,47.4141,45.7577,47.0615,88328754.0,-0.5545,43.1046,34.8105,44.3914,4156883656.371,3.6201
2021-04-09,XOM,Energy,46.9877,47.1845,45.3641,45.8151,106596111.0,-2.6484,43.8097,35.0633,42.5453,4883711485.0761,4.0128
2021-04-16,XOM,Energy,46.5408,47.5699,45.1755,46.4629,113662803.0,1.4139,44.4139,35.3273,41.883,5281103449.5087,5.3004
2021-04-23,XOM,Energy,46.5367,46.8565,44.5277,45.5691,96472510.0,-1.9237,44.9779,35.5667,42.1802,4396165455.441,5.2302
2021-04-30,XOM,Energy,45.487,48.7754,45.4624,46.9385,117928885.0,3.0051,45.8079,35.841,39.423,5535404968.5725,7.2872
2021-05-07,XOM,Energy,47.5454,51.2273,47.3486,51.1945,136005357.0,9.0672,46.6484,36.1529,37.2767,6962726248.9365,8.1919
2021-05-14,XOM,Energy,52.6101,53.259,48.8748,50.5553,145950441.0,-1.2486,47.3505,36.5013,37.7588,7378568329.8873,8.9702
2021-05-21,XOM,Energy,50.364,51.8282,48.4506,49.0163,120828294.0,-3.0442,47.8175,36.7814,38.5968,5922555907.1922,6.9712
2021-05-28,XOM,Energy,49.1494,49.7483,48.1677,48.5587,118521104.0,-0.9336,48.1232,37.0399,38.3433,5755230732.8048,3.2815
2021-06-04,XOM,Energy,49.4572,51.329,49.4572,51.121,92153074.0,5.2767,48.2121,37.2346,31.4791,4710957295.954,3.7847
2021-06-11,XOM,Energy,51.0212,53.2216,50.4721,51.72,118684793.0,1.1717,48.2816,37.5286,31.3909,6138377493.96,5.4475
2021-06-18,XOM,Energy,51.8281,53.9079,50.1144,50.2475,140552546.0,-2.8471,48.5834,37.812,25.6531,7062414055.135,7.5697
2021-06-25,XOM,Energy,50.6885,54.012,50.6635,53.7915,116994112.0,7.0531,49.0809,38.1986,28.5734,6293288775.648,6.6092
2021-07-02,XOM,Energy,53.7083,53.7083,51.9288,52.5519,95124589.0,-2.3045,49.5033,38.5545,29.2093,4998977888.6691,3.4267
2021-07-09,XOM,Energy,52.2025,52.2108,49.3407,50.938,82804107.0,-3.0711,49.8973,38.9006,29.4447,4217875602.366,5.8169
2021-07-16,XOM,Energy,50.2641,51.3539,47.5438,47.6852,103430966.0,-6.3858,49.9913,39.1712,32.7895,4932126299.9032,8.014
2021-07-23,XOM,Energy,46.2876,48.5005,45.4183,47.4523,113215909.0,-0.4884,50.1362,39.4387,32.4932,5372355278.6407,6.7863
2021-07-30,XOM,Energy,47.5521,49.3574,47.419,47.8932,99225298.0,0.9291,50.2096,39.7347,32.0351,4752217042.1736,4.0877
2021-08-06,XOM,Energy,47.8766,49.1328,47.261,48.1345,90018946.0,0.5038,49.9743,40.0151,25.7831,4333016956.237,3.9606
2021-08-13,XOM,Energy,48.2481,49.4051,47.5472,47.9441,91605078.0,-0.3956,49.7734,40.2828,25.7199,4391923020.1398,3.9076
2021-08-20,XOM,Energy,47.3107,47.5443,44.0001,44.5406,102945006.0,-7.0989,49.4291,40.5183,28.6704,4585232334.2436,8.0551
2021-08-27,XOM,Energy,45.5626,47.4745,45.5626,47.0996,80483564.0,5.7453,49.3169,40.8077,31.3789,3790743670.9744,4.1963
2021-09-03,XOM,Energy,47.4965,47.581,45.2669,46.3395,99984438.0,-1.6138,48.9491,41.107,29.166,4633228864.701,5.1119
2021-09-10,XOM,Energy,46.1706,46.6773,45.0136,45.5879,67347607.0,-1.6219,48.4774,41.4248,28.9329,3070235973.1553,3.6961
2021-09-17,XOM,Energy,46.1537,47.9272,45.951,46.5844,113175078.0,2.1859,48.1956,41.7574,29.2088,5272193103.5832,4.3007
2021-09-24,XOM,Energy,45.4189,48.8308,44.7264,48.6366,118340455.0,4.4053,47.7991,42.168,26.6038,5755677373.653,9.1767
2021-10-01,XOM,Energy,49.7008,51.5081,49.667,51.4574,149711280.0,5.7997,47.7149,42.6581,29.2982,7703753219.472,3.7069
2021-10-08,XOM,Energy,51.7867,52.9479,50.4608,52.513,130573648.0,2.0514,47.836,43.1418,28.8232,6856813977.424,4.9289
2021-10-15,XOM,Energy,53.2309,53.2647,50.8493,52.8593,91998866.0,0.6595,48.234,43.6418,24.9108,4862995657.5538,4.75
2021-10-22,XOM,Energy,53.2816,53.9424,52.589,53.3069,82352589.0,0.8468,48.6844,44.1496,24.7423,4389961226.5641,2.5735
2021-10-29,XOM,Energy,53.8136,55.6885,53.6954,54.447,105882056.0,2.1387,49.1885,44.7026,24.8551,5764960303.032,3.7119
2021-11-05,XOM,Energy,54.9495,55.8063,53.7629,54.9115,89402961.0,0.8531,49.7098,45.2621,24.8319,4909250692.9515,3.8007
2021-11-12,XOM,Energy,56.1181,56.8286,54.4315,54.637,87793442.0,-0.4999,50.2247,45.7534,24.8595,4796770290.554,4.4039
2021-11-19,XOM,Energy,54.5856,55.9639,51.7176,51.9402,100358510.0,-4.9358,50.7939,46.1796,21.9922,5212641081.102,8.2106
2021-11-26,XOM,Energy,51.6406,54.6584,50.9729,52.4368,84033925.0,0.9561,51.2044,46.5649,19.6994,4406470118.44,7.2304
2021-12-03,XOM,Energy,53.5669,54.0548,50.6304,52.1286,135827098.0,-0.5878,51.6497,46.9212,19.2418,7080476460.8028,6.7636
2021-12-10,XOM,Energy,52.8391,54.2346,52.5822,53.9435,92078023.0,3.4816,52.2925,47.2795,19.0003,4967010833.7005,3.1425
2021-12-17,XOM,Energy,53.4812,53.6952,51.1012,51.3923,125949443.0,-4.7294,52.6623,47.6054,22.3897,6472831559.4889,5.0762
2021-12-23,XOM,Energy,50.3308,52.9419,49.6202,52.2399,69219825.0,1.6493,52.9395,47.965,21.1101,3616036736.0175,6.6943
2021-12-31,XOM,Energy,52.1628,53.3442,51.7262,52.3854,64057560.0,0.2785,53.0109,48.3334,17.8418,3355680903.624,3.1281
2022-01-07,XOM,Energy,52.4282,59.2257,52.4025,58.9689,151561423.0,12.5674,53.5075,48.7626,30.5366,8937410396.7447,13.0207
2022-01-14,XOM,Energy,59.046,61.7641,58.1727,61.5287,121769483.0,4.3409,54.1744,49.2034,31.2509,7492317988.6621,6.1737
2022-01-21,XOM,Energy,62.342,63.6689,60.8181,61.7855,119802797.0,0.4174,54.8266,49.6563,31.2872,7402075714.0435,4.6875
2022-01-28,XOM,Energy,60.6811,65.073,59.7608,64.448,175877280.0,4.3093,55.5959,50.2005,31.8577,11334938941.44,8.889
2022-02-04,XOM,Energy,64.1826,70.6548,63.5791,69.696,188144824.0,8.143,56.7331,50.7664,34.5459,13112941653.504,11.1291
2022-02-11,XOM,Energy,70.2386,71.9179,67.3404,69.4335,179941349.0,-0.3766,57.8713,51.305,34.5088,12493957655.7915,6.7976
2022-02-18,XOM,Energy,68.8881,69.1132,66.1527,66.9664,128609632.0,-3.5532,59.0272,51.7669,33.4042,8612524060.3648,4.4753
2022-02-25,XOM,Energy,68.9661,69.07,64.0839,67.382,135680493.0,0.6206,60.1768,52.2053,33.4593,9142422979.326,7.7806
2022-03-04,XOM,Energy,66.2306,72.9523,65.9623,72.7922,189569486.0,8.0291,61.7663,52.6443,34.9293,13799179938.8092,10.5971
2022-03-11,XOM,Energy,73.5107,79.211,70.6368,73.5107,272704432.0,0.9871,63.2715,53.0807,35.0453,20046693689.4224,12.1385
2022-03-18,XOM,Energy,71.9006,72.2382,66.0055,68.1004,197790538.0,-7.3599,64.5567,53.4995,37.696,13469614754.0152,9.4426
2022-03-25,XOM,Energy,69.3556,74.0041,69.0267,73.7531,125120555.0,8.3005,66.2116,54.0078,39.4938,9228028804.9705,7.2109
2022-04-01,XOM,Energy,71.9959,73.0606,69.044,71.9526,117200176.0,-2.4413,67.7168,54.4864,40.612,8432857383.6576,5.8175
2022-04-08,XOM,Energy,72.3335,75.4931,71.0264,75.1728,118334289.0,4.4754,68.9632,55.051,34.8314,8895519840.1392,6.2888
2022-04-14,XOM,Energy,74.2552,76.5752,72.2815,76.0298,88117544.0,1.14,70.0787,55.6196,34.4825,6699559246.8112,5.9401
2022-04-22,XOM,Energy,76.6097,77.7351,73.58,73.6925,112509708.0,-3.0742,70.9946,56.1604,35.749,8291121656.79,5.6471
2022-04-29,XOM,Energy,71.3033,76.2981,68.6371,73.7964,167666002.0,0.141,71.7137,56.6769,35.287,12373147349.9928,11.1616
2022-05-06,XOM,Energy,73.5887,79.6828,73.2597,79.3712,186962641.0,7.5543,72.458,57.2188,34.7982,14839449171.3392,8.7676
2022-05-13,XOM,Energy,78.2129,78.3178,72.9311,77.7057,168645427.0,-2.0984,73.0943,57.7409,35.2841,13104710956.8339,7.3861
2022-05-20,XOM,Energy,77.8107,81.842,77.802,80.3292,127855523.0,3.3762,74.1222,58.3431,34.1303,10270531878.1716,5.1928
2022-05-27,XOM,Energy,81.0287,85.6372,80.7314,85.3399,131384131.0,6.2377,75.5036,59.0504,35.323,11212308601.1269,6.0767
2022-06-03,XOM,Energy,86.1881,87.2506,83.6915,86.6516,110830762.0,1.537,76.5697,59.7337,32.7705,9603662856.5192,4.2527
2022-06-10,XOM,Energy,86.7303,92.3182,86.2843,87.8496,147698121.0,1.3825,77.6727,60.4285,32.7561,12975220850.6016,6.993
2022-06-17,XOM,Energy,85.2787,86.2843,74.9031,75.3097,194612793.0,-14.2743,78.2272,60.9105,42.351,14656231056.9921,15.1947
2022-06-24,XOM,Energy,77.4609,80.9151,73.0361,75.9918,128117285.0,0.9057,78.3994,61.3374,39.253,9735863098.263,10.7878
2022-07-01,XOM,Energy,76.7876,81.536,74.0417,76.5602,150278544.0,0.748,78.7539,61.7991,38.7772,11505355384.3488,10.1216
2022-07-08,XOM,Energy,75.5021,76.3416,70.8411,75.2747,109468233.0,-1.6791,78.7617,62.2671,38.0723,8240188398.6051,7.7645
2022-07-15,XOM,Energy,74.4789,75.4781,70.5613,73.928,100136744.0,-1.789,78.6,62.7718,38.1914,7402909210.432,6.9681
2022-07-22,XOM,Energy,75.712,78.3966,74.5139,76.1492,91084268.0,3.0045,78.789,63.3236,38.0607,6935994140.7856,5.2107
2022-07-29,XOM,Energy,77.0937,85.2744,76.4465,84.7628,100903438.0,11.3115,79.6326,64.0327,43.8612,8552857934.5064,11.5477
2022-08-05,XOM,Energy,82.8914,83.3811,75.4496,77.3472,110325969.0,-8.7486,79.4769,64.5945,45.7803,8533404789.4368,10.5123
2022-08-12,XOM,Energy,78.2189,83.2416,77.8746,82.9768,85708652.0,7.2784,79.8824,65.2682,47.7236,7111829675.2736,6.8919
2022-08-19,XOM,Energy,79.9137,84.1332,79.1457,83.0474,82370410.0,0.0851,80.0915,66.0087,47.381,6840648387.434,6.3016
2022-08-26,XOM,Energy,82.4647,88.1937,81.0877,86.3929,87672070.0,4.0284,80.1725,66.7643,46.4099,7574244376.303,8.7633
2022-09-02,XOM,Energy,86.6666,89.6458,81.4674,84.3803,93057366.0,-2.3296,79.9977,67.4959,46.6041,7852208460.2898,10.0389
2022-09-09,XOM,Energy,84.8835,85.625,81.4761,85.1836,71154741.0,0.952,79.7927,68.2573,46.5565,6061216995.4476,5.0921
2022-09-16,XOM,Energy,86.1987,87.5581,81.2113,82.2794,115970725.0,-3.4093,80.3288,68.9438,36.0453,9542001670.565,7.8152
2022-09-23,XOM,Energy,80.3374,82.8708,74.8997,75.6942,90692418.0,-8.0035,80.3059,69.4641,40.1041,6864890026.5756,10.6423
2022-09-30,XOM,Energy,74.9439,78.8793,74.0524,77.0713,98147539.0,1.8193,80.3452,69.9567,40.2348,7564358422.5307,6.5183
2022-10-07,XOM,Energy,79.4812,91.1994,79.1987,89.1824,134505105.0,15.7142,81.415,70.6619,50.464,11995488076.152,15.1527
2022-10-14,XOM,Energy,89.5884,90.4358,85.4042,87.5581,84474752.0,-1.8213,82.4635,71.3292,50.4732,7396448783.0912,5.8915
2022-10-21,XOM,Energy,89.2177,93.9227,87.5935,93.446,89733544.0,6.7246,83.794,72.1011,51.4826,8385240752.624,7.2256
2022-10-28,XOM,Energy,93.2694,98.1686,92.7486,97.7184,96517922.0,4.5721,84.7906,72.9332,47.7231,9431576909.1648,5.8437
2022-11-04,XOM,Energy,96.6591,100.1901,95.6087,99.1396,103921893.0,1.4544,86.467,73.7837,42.4923,10302774903.2628,4.7918
2022-11-11,XOM,Energy,99.2279,101.2177,94.9556,100.5873,90857413.0,1.4603,87.8216,74.6674,40.9753,9139101858.6549,6.5949
2022-11-18,XOM,Energy,100.2201,102.0086,97.5329,99.7307,81673779.0,-0.8516,89.1049,75.5864,41.1711,8145383151.3153,4.589
2022-11-25,XOM,Energy,97.871,101.9819,95.6375,100.7362,57374764.0,1.0082,90.2083,76.5153,40.8289,5779715701.2568,6.6338
2022-12-02,XOM,Energy,98.4672,99.7218,97.168,97.7553,90275603.0,-2.9591,91.2371,77.3927,41.092,8824918653.9459,2.6282
2022-12-09,XOM,Energy,98.5028,99.0901,91.0906,92.1317,102973408.0,-5.7527,91.7716,78.1271,43.4455,9487115133.8336,8.7819
2022-12-16,XOM,Energy,92.3898,96.5808,91.767,93.1639,132280363.0,1.1204,92.6089,78.9304,42.4933,12323754510.4957,5.2457
2022-12-23,XOM,Energy,93.6621,96.7587,92.6299,96.7053,66611437.0,3.8013,94.2251,79.7855,37.819,6441678998.5161,4.4573
2022-12-30,XOM,Energy,97.2303,98.3248,96.013,98.1468,44997801.0,1.4906,95.8463,80.6655,37.8324,4416390175.1868,2.4077
2023-01-06,XOM,Energy,97.6841,99.6506,93.2173,98.3515,65499254.0,0.2086,96.5516,81.4229,23.4445,6441949879.781,6.9015
2023-01-13,XOM,Energy,99.3392,101.2078,95.9312,100.6828,77148231.0,2.3704,97.5612,82.1759,22.9029,7767499912.1268,5.5004
2023-01-20,XOM,Energy,100.9142,101.546,97.5062,100.8608,62385526.0,0.1768,98.1316,82.9273,19.4518,6292254060.7808,4.1431
2023-01-27,XOM,Energy,101.1189,104.8027,93.3152,102.8718,78281034.0,1.9938,98.528,83.6662,17.7967,8052910873.4412,12.3105
2023-02-03,XOM,Energy,102.409,104.4467,97.7286,99.5883,110787507.0,-3.1918,98.5625,84.2411,19.0161,11033139483.3681,6.8743
2023-02-10,XOM,Energy,99.9798,106.4488,98.1646,106.0395,90686124.0,6.4779,98.9819,84.945,22.8668,9616311245.898,8.4391
2023-02-17,XOM,Energy,105.5585,105.971,99.5147,99.7838,72407528.0,-5.8994,98.986,85.5761,26.1132,7225098292.4464,6.4878
2023-02-24,XOM,Energy,99.3623,100.7701,97.4165,99.3085,54083710.0,-0.4763,98.8762,86.1901,26.0495,5370972114.535,3.4426
2023-03-03,XOM,Energy,99.3534,101.6578,97.9366,101.1557,66367236.0,1.8601,99.1377,86.7356,25.4939,6713424214.6452,3.7997
2023-03-10,XOM,Energy,100.4204,102.0792,96.0804,96.6453,68139427.0,-4.4589,99.4849,87.1805,24.2595,6585355364.2431,6.2436
2023-03-17,XOM,Energy,94.4574,97.7483,87.8936,89.5256,135418521.0,-7.3668,99.2051,87.5925,28.7265,12123424343.6376,11.212
2023-03-24,XOM,Energy,89.3373,96.197,89.2207,92.8344,106378759.0,3.6959,98.9073,87.9594,28.6631,9875608264.5096,7.8191
2023-03-31,XOM,Energy,93.9194,98.7884,93.1751,98.3311,66068752.0,5.921,98.9215,88.4667,31.0891,6496613059.7872,6.0244
2023-04-06,XOM,Energy,101.6758,105.0743,101.4337,103.1643,76710596.0,4.9152,99.2917,89.005,32.5506,7913794938.9228,3.5891
2023-04-14,XOM,Energy,102.9222,104.608,102.3394,104.061,59614515.0,0.8692,99.5515,89.5441,32.3069,6203546045.415,2.2168
2023-04-21,XOM,Energy,103.5588,105.1011,101.5321,104.0251,72711500.0,-0.0345,99.795,90.1274,32.3145,7563821058.65,3.5152
2023-04-28,XOM,Energy,103.9444,107.5312,102.8325,106.1144,83913321.0,2.0085,100.0444,90.7489,32.3178,8904411709.9224,4.5692
2023-05-05,XOM,Energy,104.0072,105.1819,94.9686,97.4524,90036779.0,-8.1629,99.8801,91.0966,35.9877,8774300201.8196,10.7544
2023-05-12,XOM,Energy,99.0844,99.5058,93.9508,94.852,67222465.0,-2.6684,99.0195,91.4263,33.3508,6376185250.18,5.9127
2023-05-19,XOM,Energy,95.4293,96.8221,92.2727,96.1076,67945757.0,1.3237,98.7367,91.7298,31.6045,6530103635.4532,4.9304
2023-05-26,XOM,Energy,95.7278,98.1427,94.7057,94.9409,70303522.0,-1.214,98.4008,91.9144,31.667,6674679651.8498,3.6291
2023-06-02,XOM,Energy,93.4214,95.99,91.5853,95.6554,63942864.0,0.7526,97.9777,92.0876,31.423,6116480233.0656,4.8094
2023-06-09,XOM,Energy,96.9487,98.7124,94.0454,97.1296,64635304.0,1.5412,98.0149,92.266,30.2857,6278001223.3984,4.9625
2023-06-16,XOM,Energy,95.7006,97.9889,94.4163,95.0856,103629609.0,-2.1044,98.4426,92.6463,26.2005,9853683549.5304,3.7839
2023-06-23,XOM,Energy,94.6786,94.76,91.9109,92.6164,61197526.0,-2.5968,98.4258,92.966,25.923,5667894547.0264,3.0998
2023-06-30,XOM,Energy,92.4355,97.5683,92.4355,97.003,65504055.0,4.7363,98.3237,93.3592,24.8447,6354089847.165,5.5528
2023-07-07,XOM,Energy,97.2201,98.0974,91.8567,93.3038,59782238.0,-3.8135,97.5652,93.7059,23.3773,5577909977.9044,6.794
2023-07-14,XOM,Energy,93.1319,97.3648,90.9251,91.2959,95705689.0,-2.152,96.5832,94.0399,23.2678,8737537012.3751,7.0825
2023-07-21,XOM,Energy,91.0969,94.4072,90.6446,93.964,91091874.0,2.9225,95.8093,94.3825,24.4928,8559356848.536,4.1509
2023-07-28,XOM,Energy,94.3891,96.7678,92.544,94.2082,79616126.0,0.2599,94.8934,94.5641,23.8893,7500491921.4332,4.5641
2023-08-04,XOM,Energy,95.1399,98.8029,94.5791,97.1568,82465784.0,3.1299,94.8707,94.9451,19.132,8012111682.9312,4.4659
2023-08-11,XOM,Energy,97.5909,101.3625,94.8187,101.1454,76280215.0,4.1053,95.3548,95.2945,19.8089,7715392858.261,6.9013
2023-08-18,XOM,Energy,101.8596,102.1332,96.9299,100.3638,74511579.0,-0.7727,95.6822,95.6275,19.8885,7478265212.4402,5.3681
2023-08-25,XOM,Energy,100.6557,101.2205,96.4237,98.7312,57446557.0,-1.6267,95.9738,95.8647,20.0473,5671767508.4784,4.9747
2023-09-01,XOM,Energy,98.9136,103.8114,98.8863,103.5378,64292508.0,4.8684,96.5801,96.2332,22.0108,6656704834.8024,4.9806
2023-09-08,XOM,Energy,104.0668,105.8453,103.2733,105.444,59164579.0,1.8411,97.2197,96.6228,22.0713,6238549868.076,2.4905
2023-09-15,XOM,Energy,105.9639,108.2259,103.5789,106.4382,97781217.0,0.9429,98.093,97.0874,21.2329,10407656731.2894,4.4864
2023-09-22,XOM,Energy,107.1952,108.39,104.5228,104.8329,66108089.0,-1.5082,99.0327,97.6477,20.5543,6930302683.3281,3.6998
2023-09-29,XOM,Energy,104.9698,110.0864,104.7326,107.2408,82719282.0,2.2969,99.8202,98.2279,19.162,8870881977.1056,5.1119
2023-10-06,XOM,Energy,107.1952,107.4323,95.8673,97.7462,92810530.0,-8.8535,100.1619,98.3926,25.8964,9071876627.486,12.0636
2023-10-13,XOM,Energy,100.7287,102.2153,95.612,100.2088,155674148.0,2.5194,100.8475,98.6359,25.5696,15599919562.1024,6.9064
2023-10-20,XOM,Energy,100.7834,103.9437,99.5339,101.3124,105025459.0,1.1013,101.4128,98.7872,25.1642,10640381312.3916,4.4305
2023-10-27,XOM,Energy,100.9019,101.2029,95.7305,96.2686,98878679.0,-4.9785,101.5713,98.7593,27.5717,9518911997.1794,5.7165
2023-11-03,XOM,Energy,96.4419,99.5885,95.3474,98.3025,126318172.0,2.1127,101.6594,98.7432,27.1813,12417392103.03,4.4481
2023-11-10,XOM,Energy,98.6582,98.7494,93.8106,94.6269,94765699.0,-3.7391,101.158,98.6286,26.7689,8967384322.7031,5.2647
2023-11-17,XOM,Energy,95.765,97.0351,93.0959,96.6025,99167355.0,2.0878,100.8687,98.5684,27.225,9579814411.3875,4.2313
2023-11-24,XOM,Energy,96.9891,97.4493,93.823,96.2436,60007008.0,-0.3715,100.6773,98.482,27.0604,5775290475.1488,3.865
2023-12-01,XOM,Energy,95.811,96.5565,93.5469,94.7894,112545085.0,-1.511,100.0044,98.425,24.8745,10668081080.099,3.2172
2023-12-08,XOM,Energy,93.9979,95.1299,90.2796,91.6233,126957363.0,-3.3401,98.9412,98.4152,24.8115,11632252557.3579,5.3726
2023-12-15,XOM,Energy,91.8534,94.0025,89.7181,92.8658,149944329.0,1.3561,97.8972,98.4095,24.9663,13924700068.0482,4.7753
2023-12-22,XOM,Energy,93.9979,95.6638,92.7784,93.7954,93651462.0,1.001,97.0482,98.3535,25.2421,8784076338.8748,3.11
2023-12-29,XOM,Energy,94.5593,94.8262,91.6878,92.0191,65446517.0,-1.8938,95.8773,98.2357,24.3959,6022329592.4747,3.423
2024-01-05,XOM,Energy,92.8843,96.2436,92.8198,94.4581,82081320.0,2.6505,95.6243,98.1608,18.7909,7753245532.692,3.6886
2024-01-12,XOM,Energy,92.7094,93.2248,90.344,91.9915,94947905.0,-2.6113,94.9922,97.9936,18.3327,8734400202.8075,3.1887
2024-01-19,XOM,Energy,91.8718,92.0466,88.1903,89.2303,79648421.0,-3.0016,94.0628,97.77,18.4935,7107052500.3563,4.3728
2024-01-26,XOM,Energy,89.0002,94.8722,88.1443,94.7986,95840552.0,6.2404,93.9498,97.6147,21.2823,9085550152.8272,7.6329
2024-02-02,XOM,Energy,94.7802,96.5289,93.5202,93.8506,101557866.0,-1.0,93.6073,97.5044,20.7986,9531266658.8196,3.2172
2024-02-09,XOM,Energy,93.3721,96.4922,92.4977,93.6666,84418416.0,-0.1961,93.5334,97.2664,19.4356,7907186004.1056,4.3184
2024-02-16,XOM,Energy,94.907,97.2016,93.2905,96.3655,98089481.0,2.8814,93.5152,97.2007,19.873,9452441881.3055,4.1924
2024-02-23,XOM,Energy,96.4677,97.9262,95.3575,96.4677,75095755.0,0.1061,93.5325,97.1461,19.8556,7244314764.6135,2.6938
2024-03-01,XOM,Energy,96.3562,98.8367,95.7338,98.3257,80557450.0,1.926,93.8045,97.0917,19.8728,7920867661.465,3.2411
2024-03-08,XOM,Energy,98.1584,100.7039,96.6441,100.6853,90040365.0,2.3998,94.5016,97.1693,18.5687,9065741162.1345,4.2007
2024-03-15,XOM,Energy,100.5645,104.327,99.7191,103.3701,108642178.0,2.6665,95.3096,97.4356,18.9328,11230352804.0778,4.6208
2024-03-22,XOM,Energy,103.8532,105.8227,103.2122,105.4325,77348876.0,1.9952,96.2047,97.6779,19.069,8155085368.87,2.5293
2024-03-28,XOM,Energy,105.7484,108.1824,105.3582,107.9873,58061750.0,2.4232,97.4331,97.8636,18.2295,6269931615.775,2.6805
2024-04-05,XOM,Energy,108.1452,113.4777,107.1884,112.7531,89482290.0,4.4133,98.8404,98.048,19.1277,10089405592.599,5.8676
2024-04-12,XOM,Energy,112.4837,114.9641,111.1738,111.8241,88031485.0,-0.8239,100.366,98.1972,17.7893,9844041581.7885,3.4094
2024-04-19,XOM,Energy,112.493,113.0504,108.8049,111.3689,83044056.0,-0.4071,102.0689,98.3385,15.5321,9248525168.2584,3.902
2024-04-26,XOM,Energy,110.7929,113.1154,107.9687,109.5852,85702168.0,-1.6016,103.2064,98.4052,13.4683,9391689220.7136,4.7668
2024-05-03,XOM,Energy,109.3993,111.6661,106.0271,107.7643,119753769.0,-1.6616,104.2766,98.6035,13.9786,12905181088.6467,5.3185
2024-05-10,XOM,Energy,108.3868,110.2355,107.2162,109.5852,111692504.0,1.6897,105.5011,98.8869,13.7356,12239845389.3408,2.816
2024-05-17,XOM,Energy,110.9007,112.2211,108.7092,112.0432,79233724.0,2.243,106.7071,99.1933,13.4599,8877599984.8768,3.2305
2024-05-24,XOM,Energy,112.1275,112.2774,105.8576,106.2182,72118266.0,-5.1989,107.4572,99.4102,18.5261,7660272401.6412,6.0645
2024-05-31,XOM,Energy,106.3118,110.0297,105.6469,109.8143,71609660.0,3.3856,108.3409,99.6825,19.1391,7863764686.138,4.1486
2024-06-07,XOM,Energy,108.9153,108.9715,103.8769,105.5907,80308382.0,-3.8461,108.7182,99.8452,20.9864,8479818271.2474,4.9044
2024-06-14,XOM,Energy,105.881,106.9672,101.6948,102.1818,69094716.0,-3.2284,108.6268,99.9816,21.5393,7060222451.3688,5.1845
2024-06-21,XOM,Energy,102.2381,105.5392,101.3109,103.7271,108564624.0,1.5123,108.4956,100.1953,21.3617,11261093610.1104,4.1736
2024-06-28,XOM,Energy,104.5512,109.14,104.5512,107.8102,89630762.0,3.9364,108.482,100.4031,22.3243,9663110377.3724,4.3891
2024-07-05,XOM,Energy,108.3628,109.3274,105.5299,106.1714,45663498.0,-1.5201,107.9757,100.6506,20.3441,4848157511.5572,3.5985
2024-07-12,XOM,Energy,105.2536,106.9018,103.4087,106.0777,59853549.0,-0.0883,107.5337,100.9349,20.3347,6349126814.7573,3.378
2024-07-19,XOM,Energy,107.0142,112.3054,106.3633,108.6999,69440589.0,2.472,107.3284,101.2182,21.1112,7548185080.2411,5.5866
2024-07-26,XOM,Energy,107.8664,110.5355,105.8857,109.8799,66516971.0,1.0856,107.3511,101.5196,20.9924,7308878121.7829,4.3913
2024-08-02,XOM,Energy,109.8706,112.1556,108.0537,109.4585,71938628.0,-0.3835,107.4814,101.7562,20.6917,7874294312.938,3.7962
2024-08-09,XOM,Energy,108.2036,111.7342,106.059,111.3034,71337153.0,1.6855,107.6136,101.9515,20.6903,7940067675.2202,5.351
2024-08-16,XOM,Energy,112.8547,113.4399,110.9195,111.552,58643954.0,0.2234,107.5758,102.1667,20.1968,6541850356.608,2.2723
2024-08-23,XOM,Energy,111.7692,113.7516,107.2711,109.8057,60792724.0,-1.5655,107.8517,102.3797,17.2314,6675387613.7268,6.0413
2024-08-30,XOM,Energy,111.165,112.7226,109.749,111.3349,58444098.0,1.3926,107.9687,102.5296,16.0999,6506867806.4202,2.7094
2024-09-06,XOM,Energy,109.3525,109.6451,105.4746,106.3317,58436366.0,-4.4938,108.0257,102.5467,16.8285,6213638138.6022,3.9541
2024-09-13,XOM,Energy,106.5489,109.6452,101.7345,104.9252,88089385.0,-1.3227,108.2367,102.5176,15.5916,9242796339.002,7.7758
2024-09-20,XOM,Energy,105.7748,110.9904,105.435,108.8145,85368356.0,3.7067,108.6281,102.5942,16.9361,9289314973.962,5.269
2024-09-27,XOM,Energy,108.8711,111.5427,104.9158,109.3337,74719070.0,0.4771,108.7453,102.6344,15.1165,8169312383.659,6.3164
2024-10-04,XOM,Energy,108.9939,118.1789,108.5219,117.8391,89899752.0,7.7793,109.6428,103.0208,21.0135,10593705865.9032,8.8987
2024-10-11,XOM,Energy,118.2356,119.2645,114.0348,116.6874,60215938.0,-0.9773,110.4589,103.3377,21.2581,7026441243.7812,4.5861
2024-10-18,XOM,Energy,116.3381,117.301,112.4772,113.289,58109706.0,-2.9124,110.8119,103.568,22.1066,6583190483.034,4.2887
2024-10-25,XOM,Energy,114.2047,114.6767,112.4535,112.7981,48319654.0,-0.4333,111.0364,103.8859,22.0996,5450365163.8574,1.9769
2024-11-01,XOM,Energy,110.2494,113.2324,108.4086,108.5124,80330605.0,-3.7994,110.9636,104.0822,23.5299,8716866742.002,4.4497
2024-11-08,XOM,Energy,109.5697,115.0826,109.4375,114.3274,71230258.0,5.3588,111.1962,104.4611,25.7269,8143570198.4692,5.1583
2024-11-15,XOM,Energy,115.1616,116.1609,113.0677,113.5531,71163900.0,-0.6773,111.3502,104.7871,25.7961,8080881453.09,2.7357
2024-11-22,XOM,Energy,114.0099,117.2649,112.4966,115.9134,65187868.0,2.0786,111.82,105.1653,25.748,7556147418.6312,4.2386
2024-11-29,XOM,Energy,115.5708,115.9991,111.3069,112.2682,61913243.0,-3.1448,111.8918,105.5015,26.6314,6950888347.7726,4.2155
2024-12-06,XOM,Energy,112.3538,112.9915,108.0234,108.09,75886736.0,-3.7216,112.027,105.8181,26.0902,8202597294.24,4.5991
2024-12-13,XOM,Energy,109.1084,109.394,104.9303,105.4918,98445081.0,-2.4037,112.0706,106.0609,26.4481,10385148795.8358,4.254
2024-12-20,XOM,Energy,104.8827,105.073,99.7813,100.7616,115631335.0,-4.484,111.4512,106.1949,26.6832,11651198324.736,5.3033
2024-12-27,XOM,Energy,100.2286,102.7792,99.8574,101.3421,41689389.0,0.5761,110.8364,106.3742,26.7001,4224890228.9769,2.926
2025-01-03,XOM,Energy,101.1709,103.7406,100.419,102.6556,50391858.0,1.2961,109.6685,106.5318,20.3642,5173006418.1048,3.3077
2025-01-10,XOM,Energy,103.0172,104.7874,100.6759,101.3992,65412176.0,-1.2239,108.4925,106.7128,20.3679,6632742316.6592,4.0839
2025-01-17,XOM,Energy,101.9561,107.4192,101.9561,106.9004,72450754.0,5.4253,108.001,107.0526,23.6106,7745014582.9016,5.3583
2025-01-24,XOM,Energy,106.6434,106.7624,103.1791,103.417,64096967.0,-3.2585,107.2794,107.2183,24.2959,6628716036.239,3.4729
2025-01-31,XOM,Energy,103.7501,105.5204,100.9758,101.6753,78862003.0,-1.6842,106.7535,107.3688,23.4475,8018317813.6259,4.5007
2025-02-07,XOM,Energy,101.4945,105.6917,100.2405,103.6359,66286303.0,1.9283,105.931,107.5605,20.5943,6869640669.0777,5.4381
2025-02-14,XOM,Energy,105.6626,108.0687,102.3152,103.9673,74292927.0,0.3198,105.1937,107.7067,20.6985,7724035029.2871,5.6234
2025-02-21,XOM,Energy,104.3418,107.9822,104.0441,106.3205,62060784.0,2.2634,104.4558,107.8962,20.8066,6598333585.272,3.7851
2025-02-28,XOM,Energy,106.5463,107.7037,104.2362,106.9353,72211678.0,0.5783,104.0455,108.0617,20.1748,7721977450.4334,3.3266
2025-03-07,XOM,Energy,107.2907,107.729,99.5777,104.7165,99699227.0,-2.0749,103.786,108.1393,19.2243,10440154104.1455,8.1859
2025-03-14,XOM,Energy,104.9662,108.1264,103.3766,107.4828,90330250.0,2.6417,103.9392,108.2183,19.3782,9708948194.7,4.5947
2025-03-21,XOM,Energy,107.3868,111.8724,107.3195,110.9407,110556070.0,3.2172,104.7222,108.3243,17.3679,12265167795.049,4.2424
2025-03-28,XOM,Energy,111.1135,114.4754,111.0175,113.0826,63376239.0,1.9307,105.6253,108.4223,17.5132,7166749884.3414,3.1147
2025-04-04,XOM,Energy,113.1403,115.1718,99.7313,100.2212,98738338.0,-11.3735,105.4381,108.1813,30.0402,9895674720.3656,15.482
2025-04-11,XOM,Energy,96.4272,102.3728,93.9394,99.0686,149163432.0,-1.1501,105.2588,107.936,30.0286,14777412379.4352,8.9775
2025-04-17,XOM,Energy,100.884,104.2651,98.6657,102.6994,62708327.0,3.6649,104.9356,107.7692,28.8078,6440107557.9038,5.6751
2025-04-25,XOM,Energy,101.441,104.9854,100.0099,104.2842,65404598.0,1.5431,105.0023,107.6673,28.2153,6820666178.7516,4.975
2025-05-02,XOM,Energy,104.4571,104.9371,100.0387,102.0174,78945412.0,-2.1737,105.0286,107.5568,28.3689,8053805674.1688,4.8965
2025-05-09,XOM,Energy,100.519,103.4918,99.0014,103.074,78451971.0,1.0357,104.9854,107.4316,28.1753,8086358458.854,4.5358
2025-05-16,XOM,Energy,106.8828,107.1154,102.7149,104.8667,72137153.0,1.7392,105.0546,107.2936,28.3803,7564785182.5051,4.2842
2025-05-23,XOM,Energy,104.2657,104.2657,98.7602,99.8652,71427103.0,-4.7694,104.558,107.1714,29.5629,7133081926.5156,5.5746
2025-05-30,XOM,Energy,100.3111,101.2223,98.0769,99.1577,69814255.0,-0.7085,103.9598,106.9664,29.4904,6922620953.0135,3.207
2025-06-06,XOM,Energy,100.5631,101.6971,98.6051,101.0671,81563374.0,1.9256,103.679,106.8795,29.6486,8243373676.3954,3.1358
2025-06-13,XOM,Energy,101.1253,109.0734,100.6406,108.676,103379885.0,7.5286,103.7708,107.0043,33.0835,11234912382.26,8.3791
2025-06-20,XOM,Energy,108.3853,111.7002,107.7165,111.1768,96679995.0,2.3012,103.789,107.1476,32.769,10748572468.116,3.6984
2025-06-27,XOM,Energy,113.1154,113.3577,104.3918,106.0202,109249484.0,-4.6382,103.2457,107.1132,33.8088,11582652143.5768,8.5887
2025-07-03,XOM,Energy,105.303,109.0153,103.8587,108.7536,57851684.0,2.5782,103.9021,107.1628,24.3642,6291578901.0624,4.965
2025-07-11,XOM,Energy,108.1138,112.2042,106.8369,111.8843,70569123.0,2.8787,104.8879,107.2745,24.3833,7895576928.4689,5.0238
2025-07-18,XOM,Energy,111.6856,111.6856,104.0428,104.4596,80856542.0,-6.6361,105.0233,107.193,27.936,8446242034.7032,7.3458
2025-07-25,XOM,Energy,104.2949,107.5711,104.1398,107.0089,69180123.0,2.4405,105.2329,107.1378,28.1795,7402888864.0947,3.2949
2025-08-01,XOM,Energy,107.5904,109.529,105.5162,106.2722,78163643.0,-0.6884,105.5602,107.0765,27.7752,8306622301.6246,3.803
2025-08-08,XOM,Energy,105.8651,106.5436,102.6374,103.5194,83651560.0,-2.5903,105.5944,106.9268,28.3472,8659559300.264,3.8058
2025-08-15,XOM,Energy,104.785,105.2644,103.2344,104.1785,78597905.0,0.6367,105.5415,106.785,28.1568,8188211846.0425,1.9664
2025-08-22,XOM,Energy,103.797,108.9918,103.3764,108.8646,73894910.0,4.4981,106.2338,106.7669,27.4169,8044539819.186,5.432
2025-08-29,XOM,Energy,108.4928,112.2983,107.9596,111.8092,71939108.0,2.7048,107.207,106.776,27.4892,8043454114.1936,4.0188
2025-09-05,XOM,Energy,111.7017,112.7386,106.6537,106.8591,59799776.0,-4.4273,107.6525,106.7862,29.4257,6390150243.5616,5.7054
2025-09-12,XOM,Energy,107.3482,110.7625,105.9982,109.7255,68817790.0,2.6824,107.7332,106.8785,25.7855,7551066416.645,4.4947
2025-09-19,XOM,Energy,109.745,112.9783,108.8988,110.3711,96765804.0,0.5884,107.6712,106.9084,25.3861,10680148229.8644,3.7461
2025-09-26,XOM,Energy,110.0091,115.7909,109.1385,114.6756,89318120.0,3.9,108.337,107.0111,24.3452,10242609001.872,6.0954
2025-10-03,XOM,Energy,113.5408,113.9713,108.6151,110.8016,79892144.0,-3.3782,108.4946,106.8758,25.2096,8852177382.6304,4.9313
2025-10-10,XOM,Energy,110.8309,113.0027,108.3069,108.3265,61070622.0,-2.2338,108.2209,106.715,24.9283,6615566734.083,4.3357
2025-10-17,XOM,Energy,109.1189,111.1048,107.989,109.8037,58888859.0,1.3637,108.632,106.648,20.7525,6466214606.9783,2.8854
2025-10-24,XOM,Energy,109.569,114.3137,109.5494,112.8854,56585253.0,2.8066,109.084,106.6497,20.919,6387648919.0062,4.349
2025-10-31,XOM,Energy,113.1837,114.5093,110.1779,111.8777,69467490.0,-0.8927,109.5152,106.7144,20.9711,7771863005.973,3.9313
2025-11-07,XOM,Energy,112.0146,114.9544,110.0678,114.6756,72360299.0,2.5009,110.3734,106.7211,20.2477,8297960704.0044,4.4396
2025-11-14,XOM,Energy,115.8829,119.2081,113.9242,117.7084,77272089.0,2.6447,111.4142,106.801,20.5618,9095573960.8476,4.6381
2025-11-21,XOM,Energy,117.3926,117.9156,114.1167,115.5277,77831224.0,-1.8526,111.9267,106.7936,19.7624,8991662296.9048,3.329
2025-11-28,XOM,Energy,115.646,117.1656,112.6759,114.383,51360903.0,-0.9908,112.1247,106.8342,19.3478,5874814167.849,3.9846
2025-12-05,XOM,Energy,114.5606,117.2002,113.1693,114.9948,70288695.0,0.5349,112.7505,106.967,16.5367,8082834423.786,3.5618
2025-12-12,XOM,Energy,114.2942,118.8727,113.5147,117.2446,87724894.0,1.9564,113.3289,107.193,16.199,10285270107.0724,4.7201
2025-12-19,XOM,Energy,117.432,117.4518,113.0904,115.1428,111617911.0,-1.7927,113.696,107.4696,16.8514,12851998802.6908,3.8566
2025-12-26,XOM,Energy,115.7792,118.4582,115.7792,117.5307,38539776.0,2.0739,113.9156,107.7809,15.5288,4529606851.1232,2.3139
2026-01-02,XOM,Energy,118.5569,121.0534,117.8169,121.0238,50667919.0,2.9721,114.7019,108.1342,14.3152,6132024095.4722,2.7471
2026-01-09,XOM,Energy,123.5498,124.2603,116.7058,122.9578,110164219.0,1.598,115.8274,108.5487,12.8939,13545550006.9582,6.4731
2026-01-16,XOM,Energy,122.8098,129.9735,120.935,128.1678,98520953.0,4.2372,117.24,108.9577,14.4391,12627213799.9134,7.4739
2026-01-23,XOM,Energy,129.7664,134.1771,128.3455,133.1805,69411434.0,3.911,118.8012,109.5301,15.1196,9244249485.837,4.5437
2026-01-30,XOM,Energy,135.1145,140.4527,132.3911,139.5252,111595915.0,4.764,120.9279,110.258,15.7828,15570442359.558,6.0893
2026-02-06,XOM,Energy,137.976,147.5869,136.2295,147.0738,130251895.0,5.4102,123.4201,111.0933,17.3857,19156641154.851,8.337
2026-02-13,XOM,Energy,148.2928,155.913,147.021,147.488,111007547.0,0.2816,125.7108,111.9303,17.6225,16372281091.936,6.0481
2026-02-20,XOM,Energy,147.2396,152.3861,144.2094,146.3256,85829844.0,-0.7881,128.0799,112.6996,16.7809,12559103421.2064,5.67
2026-02-27,XOM,Energy,147.19,152.6543,145.8189,151.5118,91391522.0,3.5443,130.9359,113.5568,15.87,13846894002.9596,4.6876
2026-03-06,XOM,Energy,158.3175,158.5708,146.9019,150.2302,117562414.0,-0.8459,133.6464,114.4321,16.7183,17661424967.7028,7.9433
2026-03-13,XOM,Energy,151.0299,155.8733,146.7031,155.1083,108915717.0,3.2471,136.5589,115.348,16.8683,16893731707.1511,6.2508
2026-03-20,XOM,Energy,154.9891,161.3873,153.7571,158.6353,144399821.0,2.2739,139.9045,116.2652,14.4892,22906908924.2813,4.9625
2026-03-27,XOM,Energy,155.1034,170.1204,154.0155,169.882,117309007.0,7.0897,143.9315,117.3575,17.0718,19928688727.174,10.4567
2026-04-02,XOM,Energy,171.3871,175.2668,158.4962,159.6487,125125524.0,-6.0238,146.9027,118.5003,24.688,19976127243.4188,10.5811
2026-04-10,XOM,Energy,159.5295,165.1627,150.0016,151.5217,119816359.0,-5.0906,149.0999,119.509,28.7016,18154778403.4903,10.1073
2026-04-17,XOM,Energy,153.2704,153.6181,141.0501,145.4911,96978765.0,-3.98,150.4325,120.3319,30.2109,14109547196.4915,8.9103
2026-04-24,XOM,Energy,146.425,150.2501,145.2924,147.9451,74315318.0,1.6867,151.5682,121.1716,29.6234,10994587153.0418,3.4122
2026-05-01,XOM,Energy,148.1885,154.6811,147.0113,151.7602,82127711.0,2.5787,152.5094,122.1282,28.6928,12463717846.9022,5.2172
2026-05-08,XOM,Energy,151.6807,154.2837,142.9875,143.6332,89319630.0,-5.3552,152.2447,122.9082,29.1449,12829264279.716,7.9001
2026-05-15,XOM,Energy,146.02,158.0,146.0,157.92,86279229.0,9.9467,153.0472,123.9284,35.4341,13625215843.68,8.2192
2026-05-22,XOM,Energy,157.315,163.68,153.17,154.92,89227072.0,-1.8997,153.7083,124.9872,35.6966,13823057994.24,6.8617
2026-05-29,XOM,Energy,153.5,154.55,144.71,145.26,71271261.0,-6.2355,153.2274,125.8737,37.459,10352863372.86,6.7998
2026-06-05,XOM,Energy,147.02,154.91,147.0,149.92,69950784.0,3.208,153.2035,126.8132,38.0295,10487021537.28,5.381
2026-06-12,XOM,Energy,151.155,153.81,145.15,147.01,81629867.0,-1.941,152.5806,127.5504,37.5887,12000406747.67,5.9662
2026-06-18,XOM,Energy,139.74,142.34,135.85,137.81,107283434.0,-6.2581,150.9786,128.0626,38.9187,14784730039.54,4.7773
2026-06-26,XOM,Energy,138.54,140.39,134.95,136.54,81677019.0,-0.9216,148.4138,128.6495,34.8366,11152180174.26,4.0311
2026-07-02,XOM,Energy,136.58,139.14,135.33,137.09,66898131.0,0.4028,146.6786,129.1944,33.6184,9171064778.79,2.8153
2026-07-10,XOM,Energy,136.545,143.99,136.01,138.88,70738009.0,1.3057,145.7061,129.7136,32.7223,9824094689.92,5.8672
2026-07-17,XOM,Energy,140.92,150.0,140.485,147.36,80814639.0,6.106,145.8499,130.5386,34.3502,11908845203.04,6.773
2019-01-04,JNJ,Healthcare,104.1446,105.2577,101.8534,103.8602,32528212.0,0.44,111.6497,106.541,26.0455,3378386603.9624,3.3424
2019-01-11,JNJ,Healthcare,103.6977,106.0296,103.0234,105.4202,36684833.0,1.502,111.4451,106.3509,25.3414,3867322431.8266,2.918
2019-01-18,JNJ,Healthcare,104.5996,106.582,103.5596,106.1839,37057944.0,0.7244,110.9776,106.1511,23.9301,3934957019.9016,2.9186
2019-01-25,JNJ,Healthcare,104.1608,105.2171,101.5609,104.1852,37339141.0,-1.8823,110.4855,105.9438,24.0209,3890185872.9132,3.6
2019-02-01,JNJ,Healthcare,103.8439,109.8401,103.4214,109.0357,47769617.0,4.6557,110.1362,105.9461,25.391,5208593628.3269,6.2063
2019-02-08,JNJ,Healthcare,108.8408,108.9952,106.8664,107.5733,29797268.0,-1.3412,109.3849,106.0443,24.2373,3205390449.7444,1.9919
2019-02-15,JNJ,Healthcare,107.5001,110.8313,106.647,110.8069,29702610.0,3.006,108.842,106.1496,25.2417,3291254136.009,3.9235
2019-02-22,JNJ,Healthcare,110.612,111.0913,109.0916,110.9857,23915039.0,0.1614,108.5464,106.2756,24.8171,2654227343.9423,1.833
2019-03-01,JNJ,Healthcare,111.5146,113.3629,110.7294,113.1503,32106271.0,1.9503,108.0691,106.4794,23.6686,3632834195.5313,2.3783
2019-03-08,JNJ,Healthcare,113.5592,114.2135,111.5718,112.9131,34331093.0,-0.2096,107.6655,106.6023,23.6285,3876430137.0183,2.3677
2019-03-15,JNJ,Healthcare,112.954,114.4998,111.9072,112.5369,38567077.0,-0.3332,108.0098,106.7199,15.5221,4340219287.6413,2.3167
2019-03-22,JNJ,Healthcare,112.5778,113.5347,111.76,111.9726,31021896.0,-0.5014,108.6176,106.958,13.0515,3473602352.0496,1.588
2019-03-29,JNJ,Healthcare,111.9726,114.4016,111.0157,114.328,27794590.0,2.1036,109.4578,107.1947,13.094,3177699885.52,3.0499
2019-04-05,JNJ,Healthcare,114.4916,114.737,110.5169,111.3756,27954723.0,-2.5824,110.036,107.3754,14.7368,3113474046.9588,3.8185
2019-04-12,JNJ,Healthcare,111.2692,111.6455,109.9361,111.212,23976562.0,-0.1469,110.4815,107.5143,14.6478,2666481413.144,1.5548
2019-04-18,JNJ,Healthcare,111.2284,115.0723,111.0239,112.4715,36155647.0,1.1325,110.9651,107.7381,14.7058,4066479851.5605,3.6464
2019-04-26,JNJ,Healthcare,112.0299,115.195,111.6046,114.8188,25965028.0,2.087,111.7831,107.9824,14.0933,2981273356.9264,3.2171
2019-05-03,JNJ,Healthcare,114.7861,116.4218,113.6492,116.1437,31052412.0,1.1539,112.3299,108.3147,11.3877,3606542023.6044,2.4396
2019-05-10,JNJ,Healthcare,114.7042,116.3318,111.5637,113.7228,27468628.0,-2.0844,112.8029,108.5537,11.9891,3123809288.3184,4.2739
2019-05-17,JNJ,Healthcare,112.7414,113.8374,110.6804,113.363,32941677.0,-0.3164,112.9995,108.8317,10.6791,3734367329.751,2.8523
2019-05-24,JNJ,Healthcare,114.1386,115.1597,113.2163,114.3362,27512310.0,0.8585,113.2573,109.157,10.7629,3145652978.622,1.7165
2019-05-31,JNJ,Healthcare,114.4597,115.6866,105.8299,107.9956,50338987.0,-5.5456,112.8608,109.3636,15.1473,5436389104.4572,9.3137
2019-06-07,JNJ,Healthcare,108.2839,114.9456,107.9051,114.0892,37594218.0,5.6425,112.9512,109.6443,19.3107,4289094256.2456,6.5247
2019-06-14,JNJ,Healthcare,114.1304,117.6794,113.3069,115.3573,36490926.0,1.1115,113.1682,109.9717,19.3821,4209494697.8598,3.859
2019-06-21,JNJ,Healthcare,115.2832,117.2842,114.6327,117.0042,37687167.0,1.4277,113.5552,110.3272,19.4531,4409556825.1014,2.3131
2019-06-28,JNJ,Healthcare,117.2759,119.384,114.0562,114.6903,39111889.0,-1.9776,113.5831,110.6613,19.5912,4485754282.9767,4.6711
2019-07-05,JNJ,Healthcare,115.4479,117.0784,114.2045,115.7526,18465045.0,0.9262,113.9198,110.9479,18.7817,2137376967.867,2.5164
2019-07-12,JNJ,Healthcare,115.382,117.3171,108.9591,110.5895,36767721.0,-4.4605,113.8719,111.1324,21.0938,4066123881.5295,7.6708
2019-07-19,JNJ,Healthcare,111.487,112.2858,107.2051,107.3039,43658833.0,-2.971,113.4744,111.255,21.7234,4684763050.3487,4.7392
2019-07-26,JNJ,Healthcare,107.0487,108.3086,105.27,107.6498,39060374.0,0.3224,112.9229,111.2962,21.1557,4204841449.0252,2.8864
2019-08-02,JNJ,Healthcare,107.8722,109.7743,106.2417,107.9298,36346486.0,0.2601,112.2911,111.3368,20.9355,3922868964.6828,3.3251
2019-08-09,JNJ,Healthcare,107.798,109.3214,105.5582,108.7285,34070186.0,0.74,111.9069,111.4111,20.7846,3704400218.501,3.565
2019-08-16,JNJ,Healthcare,108.2839,110.4249,106.4311,108.1686,31515946.0,-0.515,111.5073,111.4174,20.7888,3409035756.4956,3.7524
2019-08-23,JNJ,Healthcare,109.1073,109.239,104.6853,105.1794,42102349.0,-2.7635,110.803,111.3433,21.1567,4428299806.4106,4.3499
2019-08-30,JNJ,Healthcare,105.7041,109.8354,105.0487,106.4839,53102687.0,1.2403,110.6867,111.2999,18.465,5654581212.2393,4.5566
2019-09-06,JNJ,Healthcare,106.177,107.7615,105.7788,106.3595,22029815.0,-0.1168,110.0921,111.2132,13.7147,2343080108.4925,1.8744
2019-09-13,JNJ,Healthcare,106.1853,109.3128,104.8082,108.4915,32744061.0,2.0045,109.564,111.1339,14.28,3552452293.9815,4.2979
2019-09-20,JNJ,Healthcare,107.9357,109.5036,106.8323,109.2132,31656629.0,0.6652,108.9647,111.0158,13.9219,3457321754.3028,2.5004
2019-09-27,JNJ,Healthcare,108.6906,110.1506,105.1068,106.683,30823890.0,-2.3168,108.3487,110.9222,14.0922,3288385056.87,4.7987
2019-10-04,JNJ,Healthcare,107.073,111.7435,107.0149,110.8807,41206916.0,3.9347,107.9739,110.8948,16.5213,4569051690.9212,4.4186
2019-10-11,JNJ,Healthcare,110.4078,111.0134,106.6167,108.9478,33644873.0,-1.7432,107.8477,110.9115,14.3056,3665534894.6294,4.1239
2019-10-18,JNJ,Healthcare,108.9726,114.0579,105.9364,105.9364,62836660.0,-2.7641,107.7425,110.7899,14.1304,6656689548.424,7.6664
2019-10-25,JNJ,Healthcare,106.7411,108.3255,104.6091,106.4756,47544304.0,0.509,107.6521,110.7109,14.1583,5062308294.9824,3.5527
2019-11-01,JNJ,Healthcare,106.6996,110.7728,106.6084,108.8399,35177517.0,2.2205,107.7222,110.6198,14.8789,3828717432.5283,3.9063
2019-11-08,JNJ,Healthcare,109.3376,110.3663,107.5789,110.3331,28717209.0,1.3719,107.8456,110.4851,15.0522,3168458692.3179,2.591
2019-11-15,JNJ,Healthcare,109.7275,111.9674,107.9606,111.9425,30230627.0,1.4587,108.1359,110.3712,15.201,3384091962.9475,3.7114
2019-11-22,JNJ,Healthcare,111.3452,115.0037,110.0511,114.5391,37737146.0,2.3196,108.8559,110.3656,14.1471,4322378739.4086,4.5002
2019-11-29,JNJ,Healthcare,114.4886,115.4993,112.8932,114.8478,25557633.0,0.2695,109.4992,110.279,14.1124,2935237923.2574,2.3085
2019-12-06,JNJ,Healthcare,115.04,118.2643,113.7369,117.2619,30501790.0,2.102,110.3379,110.2617,14.3196,3576697848.801,3.9806
2019-12-13,JNJ,Healthcare,117.2702,118.6652,116.8693,118.0972,25318652.0,0.7123,111.0768,110.4547,14.0685,2990061908.9744,1.5367
2019-12-20,JNJ,Healthcare,118.3896,123.4934,118.1891,122.0065,47111186.0,3.3102,112.0609,110.7996,15.0248,5747870914.709,4.4879
2019-12-27,JNJ,Healthcare,121.7391,122.5912,121.2547,121.7475,17249651.0,-0.2123,113.2197,111.1523,13.6101,2100101885.1225,1.1022
2020-01-03,JNJ,Healthcare,121.7726,122.1234,119.4504,120.5196,18887694.0,-1.0086,113.9611,111.4727,12.604,2276337325.8024,2.2378
2020-01-10,JNJ,Healthcare,120.2857,122.1067,118.0971,121.1711,32877116.0,0.5406,114.9014,111.7756,11.4982,3983756310.5476,3.3951
2020-01-17,JNJ,Healthcare,121.522,124.8048,120.8871,124.6043,32150554.0,2.8333,116.3374,112.1298,9.1123,4006097275.7822,3.2407
2020-01-24,JNJ,Healthcare,124.1115,125.4396,121.9564,123.8943,37557920.0,-0.5698,117.6773,112.5089,9.7337,4653212207.856,2.8562
2020-01-31,JNJ,Healthcare,123.226,126.2916,122.7917,124.3537,36332756.0,0.3708,118.8707,112.8034,9.5791,4518112639.7972,2.8503
2020-02-07,JNJ,Healthcare,124.8132,129.0566,124.6628,126.8764,30187147.0,2.0286,120.1432,113.1747,9.7664,3830036537.6308,3.5245
2020-02-14,JNJ,Healthcare,126.7009,127.2857,124.5876,125.4062,24914180.0,-1.1588,121.1789,113.4554,10.6957,3124392639.916,2.1656
2020-02-21,JNJ,Healthcare,125.6902,125.9157,123.1257,125.2391,28585424.0,-0.1332,122.002,113.7295,10.3933,3580012774.8784,2.2659
2020-02-28,JNJ,Healthcare,123.1708,125.2727,109.9877,113.0649,63595944.0,-9.7208,121.8648,113.7279,23.3327,7190469048.7656,13.897
2020-03-06,JNJ,Healthcare,113.3171,120.7662,111.9046,119.4126,59302386.0,5.6142,122.0303,113.8529,25.6877,7081452098.4636,7.9189
2020-03-13,JNJ,Healthcare,114.6202,119.3453,104.6741,112.9051,85369777.0,-5.4496,121.6309,113.8599,28.0072,9638683209.1627,14.0161
2020-03-20,JNJ,Healthcare,103.8922,114.9902,99.3185,100.7982,93511731.0,-10.7231,119.9995,113.6451,33.7088,9425814163.6842,15.7792
2020-03-27,JNJ,Healthcare,98.3684,107.2973,91.7769,103.5475,79575060.0,2.7275,118.5995,113.4377,34.6398,8239798525.35,16.911
2020-04-03,JNJ,Healthcare,108.0035,114.099,105.5148,112.8042,71633233.0,8.9396,118.006,113.4652,40.0746,8080529541.9786,8.1355
2020-04-09,JNJ,Healthcare,115.192,122.2628,113.9561,118.74,48425413.0,5.262,117.819,113.61,41.618,5750033539.62,7.2894
2020-04-17,JNJ,Healthcare,117.7058,128.0471,115.8898,127.8117,56977544.0,7.64,118.0657,113.905,44.0731,7282396760.4648,10.4904
2020-04-24,JNJ,Healthcare,126.8953,131.9987,124.9111,130.1995,53013551.0,1.8682,118.5507,114.2008,44.1172,6902337833.4245,5.6741
2020-05-01,JNJ,Healthcare,130.1574,131.2,123.4146,124.6757,48888300.0,-4.2426,118.5755,114.3648,45.155,6095183024.31,6.3083
2020-05-08,JNJ,Healthcare,125.0793,126.7692,123.6668,125.0204,30229206.0,0.2765,118.4327,114.5821,44.9839,3779267425.8024,2.5087
2020-05-15,JNJ,Healthcare,124.8102,126.5169,121.2874,126.4833,37092948.0,1.1701,118.5156,114.8344,44.9495,4691638469.7684,4.3117
2020-05-22,JNJ,Healthcare,129.1038,130.0605,121.9666,122.2291,31878835.0,-3.3634,118.284,114.9862,45.5289,3896521311.0985,6.6361
2020-05-29,JNJ,Healthcare,123.77,126.4454,121.0777,125.9374,29712669.0,3.0339,119.2742,115.3312,40.6088,3741936280.9206,4.4333
2020-06-05,JNJ,Healthcare,124.7013,126.6909,123.2536,124.7098,36446924.0,-0.9748,119.6817,115.5355,39.4735,4545288602.6552,2.7888
2020-06-12,JNJ,Healthcare,123.5076,127.0211,118.7664,120.3496,46488627.0,-3.4963,120.2543,115.6315,38.3815,5594887663.9992,6.9504
2020-06-19,JNJ,Healthcare,119.3759,123.5075,118.0128,121.7719,38194672.0,1.1818,121.8677,115.7232,29.4832,4651037779.3168,4.656
2020-06-26,JNJ,Healthcare,121.4672,121.9836,116.0064,116.6752,39678683.0,-4.1854,122.8775,115.7613,31.4528,4629518274.7616,5.1525
2020-07-02,JNJ,Healthcare,117.4625,120.0871,116.7005,119.3505,24390175.0,2.2929,123.3811,115.8305,26.6294,2910979581.3375,2.9019
2020-07-10,JNJ,Healthcare,120.3665,122.2799,119.0203,120.5358,28047041.0,0.9931,123.5192,116.0218,24.6116,3380672524.5678,2.7387
2020-07-17,JNJ,Healthcare,121.5857,127.4868,121.3063,126.4454,39584655.0,4.9028,123.4141,116.3899,21.4118,5005297535.337,5.0949
2020-07-24,JNJ,Healthcare,127.1904,128.4096,124.4812,125.404,29647444.0,-0.8236,123.0452,116.7313,21.045,3717908067.376,3.1558
2020-07-31,JNJ,Healthcare,124.769,126.0813,121.882,123.4059,29186964.0,-1.5933,122.9476,117.029,19.4748,3601843560.6876,3.4454
2020-08-07,JNJ,Healthcare,123.9393,126.4115,123.4607,125.8104,22208041.0,1.9484,123.0083,117.3575,19.8774,2794002521.4264,2.3901
2020-08-14,JNJ,Healthcare,126.0305,127.1989,123.9224,125.5056,25138782.0,-0.2423,122.9331,117.6909,19.7431,3155057918.1792,2.644
2020-08-21,JNJ,Healthcare,125.5733,130.0859,125.4971,129.3324,27898287.0,3.0491,123.4795,118.1553,19.2026,3608152413.5988,3.6565
2020-08-28,JNJ,Healthcare,130.1739,130.992,128.137,130.9409,28230822.0,1.2437,123.8644,118.6257,18.4866,3696569240.4198,2.2281
2020-09-04,JNJ,Healthcare,130.3955,132.5005,125.3927,126.637,35426649.0,-3.2869,124.0127,119.0156,19.7305,4486324549.413,5.6685
2020-09-11,JNJ,Healthcare,128.0518,128.7762,124.8729,125.9467,25844001.0,-0.5451,124.4432,119.3513,18.188,3254966640.7467,3.1259
2020-09-18,JNJ,Healthcare,126.2365,128.3416,124.4723,127.1399,29993979.0,0.9474,124.8561,119.696,18.1492,3813431490.6621,3.1085
2020-09-25,JNJ,Healthcare,125.7762,126.0745,121.8388,124.1399,32800907.0,-2.3596,125.4303,120.0318,16.4552,4071901314.8893,3.4765
2020-10-02,JNJ,Healthcare,125.0518,127.6086,124.2848,124.6342,33045306.0,0.3982,125.8368,120.2962,15.9915,4118575277.0652,2.6743
2020-10-09,JNJ,Healthcare,125.2819,129.1001,124.2677,128.6654,25181740.0,3.2344,126.4621,120.6754,16.9762,3240018649.796,3.8886
2020-10-16,JNJ,Healthcare,129.2023,130.5165,124.7109,126.2194,38115206.0,-1.9011,126.4447,121.0655,14.6777,4810878432.1964,4.6552
2020-10-23,JNJ,Healthcare,126.5859,126.9013,122.5888,123.782,27233268.0,-1.9311,126.32,121.3983,15.1095,3370988379.576,3.5178
2020-10-30,JNJ,Healthcare,123.0916,123.3814,113.9043,116.8531,34815762.0,-5.5977,125.8159,121.5524,18.5731,4068329718.5622,8.3202
2020-11-06,JNJ,Healthcare,118.4468,122.0348,117.177,121.2337,37673220.0,3.7488,125.4639,121.762,19.859,4567263851.514,4.1458
2020-11-13,JNJ,Healthcare,126.4964,128.1882,123.5093,127.7535,36729227.0,5.3779,125.6368,122.0661,22.827,4692287301.5445,3.7883
2020-11-20,JNJ,Healthcare,128.6228,128.9467,124.0776,124.7365,34568986.0,-2.3616,125.2832,122.2622,22.4448,4312014322.189,3.9242
2020-11-27,JNJ,Healthcare,125.3118,125.3118,122.6083,123.5867,28997639.0,-0.9218,124.7175,122.4302,22.2443,3583722511.8013,2.205
2020-12-04,JNJ,Healthcare,123.7841,129.0022,122.78,128.9679,47162070.0,4.3542,124.8968,122.6554,23.1768,6082393127.553,5.0678
2020-12-11,JNJ,Healthcare,128.1783,131.74,127.4574,131.268,36780842.0,1.7835,125.3062,122.9086,23.3251,4828147567.656,3.36
2020-12-18,JNJ,Healthcare,131.5254,133.1132,127.8693,132.6068,51705652.0,1.0199,125.7267,123.1125,23.3334,6856521053.6336,4.1009
2020-12-24,JNJ,Healthcare,130.4612,132.0833,128.7791,130.856,19318720.0,-1.3203,126.2433,123.2877,22.8945,2527970424.32,2.5658
2020-12-31,JNJ,Healthcare,131.5855,135.3103,130.7101,135.07,19544047.0,3.2203,127.0461,123.5675,23.5518,2639814428.29,3.5194
2021-01-08,JNJ,Healthcare,134.9498,138.2626,132.2807,137.3529,45574340.0,1.6902,127.7143,123.8787,23.0195,6259767764.586,4.5222
2021-01-15,JNJ,Healthcare,137.7991,138.9921,134.5292,137.576,38249057.0,0.1624,128.5879,124.1281,22.4295,5262152265.832,3.3174
2021-01-22,JNJ,Healthcare,139.035,141.7428,137.37,140.3653,30857193.0,2.0275,129.8636,124.4449,21.7983,4331279152.6029,3.1832
2021-01-29,JNJ,Healthcare,141.6184,149.0336,137.793,140.0049,69787677.0,-0.2568,131.6445,124.7459,16.8292,9770616739.6173,8.1576
2021-02-05,JNJ,Healthcare,141.8758,141.9874,136.9495,141.1377,45930529.0,0.8091,133.1756,125.0201,16.0806,6482529222.8433,3.6786
2021-02-12,JNJ,Healthcare,141.6355,144.133,140.6485,142.9658,26753563.0,1.2953,134.3457,125.3578,13.3187,3824844537.1454,2.4774
2021-02-19,JNJ,Healthcare,142.9658,143.3691,139.816,139.8761,25582688.0,-2.1611,135.5103,125.6393,13.1115,3578406624.9568,2.5413
2021-02-26,JNJ,Healthcare,139.7903,141.9665,136.4222,136.8454,47436388.0,-2.1667,136.5302,126.0966,14.063,6491451490.4152,4.0641
2021-03-05,JNJ,Healthcare,139.4276,139.4967,130.8089,134.8074,46026700.0,-1.4893,136.9794,126.3926,12.433,6204739757.58,6.6416
2021-03-12,JNJ,Healthcare,135.5846,138.823,134.7037,137.8299,32423965.0,2.2421,137.4842,126.872,12.6925,4468991853.5535,3.0581
2021-03-19,JNJ,Healthcare,137.9595,139.6694,136.88,138.2099,37589890.0,0.2757,137.9152,127.5914,12.6195,5195294937.911,2.0379
2021-03-26,JNJ,Healthcare,136.7159,142.5797,136.4482,142.4329,34981539.0,3.0555,138.8057,128.3392,13.1585,4982522046.2331,4.4937
2021-04-01,JNJ,Healthcare,141.483,144.2465,140.1272,140.6194,31282669.0,-1.2732,139.2326,128.8741,12.4329,4398950145.1786,2.9397
2021-04-09,JNJ,Healthcare,141.3189,142.2775,137.9854,139.2549,30527101.0,-0.9703,139.3789,129.2686,12.3039,4251048397.0449,3.1105
2021-04-16,JNJ,Healthcare,139.1167,140.343,135.1787,140.1098,47739433.0,0.6139,139.5738,129.5052,12.3438,6688762409.7434,3.8204
2021-04-23,JNJ,Healthcare,140.3343,144.9027,138.9008,142.9424,42003627.0,2.0217,139.772,129.7502,12.3401,6004099252.0848,4.321
2021-04-30,JNJ,Healthcare,142.6747,142.8474,139.6003,140.533,35166823.0,-1.6856,139.8127,130.0552,12.8656,4942099136.659,2.326
2021-05-07,JNJ,Healthcare,141.2844,146.1032,140.8699,145.516,32754511.0,3.5458,140.1495,130.4493,14.6163,4766305422.676,3.7151
2021-05-14,JNJ,Healthcare,146.7249,148.2017,144.1946,147.0013,37150369.0,1.0207,140.4599,130.8439,14.5417,5461152538.4797,2.7789
2021-05-21,JNJ,Healthcare,147.1568,149.1776,145.1147,147.6404,28457354.0,0.4348,141.0571,131.3326,13.585,4201455127.5016,2.7998
2021-05-28,JNJ,Healthcare,148.5059,148.8969,146.2292,147.0721,32882643.0,-0.3849,141.8438,131.739,12.5344,4836119359.5603,1.8243
2021-06-04,JNJ,Healthcare,147.8542,147.8976,143.4746,144.2219,29574004.0,-1.938,142.568,132.1142,12.8811,4265219047.4876,3.0828
2021-06-11,JNJ,Healthcare,144.2479,145.6165,140.8329,143.3442,32515430.0,-0.6086,142.9922,132.5564,12.5004,4660898301.006,3.3967
2021-06-18,JNJ,Healthcare,142.9445,144.1263,140.5896,140.7547,35842243.0,-1.8065,143.1879,132.9215,13.2034,5044964160.7921,2.5156
2021-06-25,JNJ,Healthcare,141.4412,143.1878,140.9893,142.6925,32226586.0,1.3767,143.2079,133.4218,11.9755,4598492122.805,1.5593
2021-07-02,JNJ,Healthcare,142.8924,147.1156,141.9974,146.8375,30885941.0,2.9048,143.6862,133.9504,12.8907,4535214361.5875,3.6044
2021-07-09,JNJ,Healthcare,145.9077,148.0454,145.1083,147.5066,24268711.0,0.4557,144.321,134.4691,12.5702,3579795045.9926,2.0241
2021-07-16,JNJ,Healthcare,147.4892,148.7492,145.7426,146.0728,31186751.0,-0.972,144.7796,134.8465,12.8811,4555536041.4728,2.063
2021-07-23,JNJ,Healthcare,144.6651,149.6139,143.6571,149.2793,36005428.0,2.1951,145.2671,135.3057,12.9838,5374865088.0404,4.1466
2021-07-30,JNJ,Healthcare,149.3053,150.661,148.306,149.6355,26878261.0,0.2386,145.9673,135.8101,12.2253,4021942023.8655,1.5879
2021-08-06,JNJ,Healthcare,149.8702,151.7124,148.8535,150.4263,23419985.0,0.5285,146.345,136.2835,10.303,3522981689.6055,1.9206
2021-08-13,JNJ,Healthcare,150.9563,153.1896,150.1395,153.1548,22031769.0,1.8138,146.8184,136.8152,10.6706,3374271174.8412,2.0315
2021-08-20,JNJ,Healthcare,153.4155,156.3439,152.8941,155.9268,29002934.0,1.8099,147.4558,137.3266,11.078,4522334689.2312,2.2563
2021-08-27,JNJ,Healthcare,155.9396,156.4116,151.0094,151.1667,29974507.0,-3.0528,147.7707,137.7156,13.0413,4531147307.3169,3.5774
2021-09-03,JNJ,Healthcare,151.0444,153.1685,150.4062,153.0112,24330108.0,1.2202,148.4468,138.2228,12.2771,3722779021.2096,1.8366
2021-09-10,JNJ,Healthcare,152.408,153.0024,145.8694,145.9568,25335496.0,-4.6104,148.6478,138.6076,15.88,3697887922.5728,4.89
2021-09-17,JNJ,Healthcare,146.7873,146.9621,142.9716,144.0162,38555987.0,-1.3296,148.8987,138.9321,15.6509,5552686734.9894,2.7911
2021-09-24,JNJ,Healthcare,142.9059,145.0913,141.7564,143.6752,28689262.0,-0.2368,148.9743,139.3078,15.4559,4121935455.7024,2.3525
2021-10-01,JNJ,Healthcare,143.3605,144.5844,138.6576,140.2748,34052794.0,-2.3667,148.4695,139.6086,14.8567,4776748867.7912,4.2744
2021-10-08,JNJ,Healthcare,139.8552,142.1455,137.8304,140.6769,30715318.0,0.2867,147.9441,139.8396,14.8217,4320935718.7542,3.1307
2021-10-15,JNJ,Healthcare,140.6157,141.4855,137.5387,141.0003,29188979.0,0.2299,147.5539,140.1238,14.796,4115654795.6937,2.8696
2021-10-22,JNJ,Healthcare,140.0825,144.3658,139.1646,143.1158,32378526.0,1.5004,147.0798,140.4956,14.3569,4633878651.3108,3.7374
2021-10-29,JNJ,Healthcare,143.1158,145.1351,140.3972,142.3815,35478893.0,-0.5131,146.5218,140.9866,14.3121,5051538003.6795,3.3746
2021-11-05,JNJ,Healthcare,142.6263,145.9671,139.3395,142.8623,35079024.0,0.3377,145.9399,141.4025,14.2656,5011470050.3952,4.7565
2021-11-12,JNJ,Healthcare,143.0808,146.5249,141.621,144.2434,39166933.0,0.9667,145.2545,141.7196,13.7945,5649571583.4922,3.4627
2021-11-19,JNJ,Healthcare,144.2347,144.6368,141.4199,142.3902,34493988.0,-1.2848,144.2132,142.0591,12.9682,4911605850.1176,2.2747
2021-11-26,JNJ,Healthcare,141.6986,143.1153,139.6131,140.0883,29132051.0,-1.6166,143.361,142.3764,12.1203,4081059500.1033,2.5085
2021-12-03,JNJ,Healthcare,140.3523,141.1618,137.1405,140.2467,54091870.0,0.1131,142.3791,142.5933,11.6028,7586206264.329,2.9323
2021-12-10,JNJ,Healthcare,140.9595,146.6791,140.6427,145.6232,39366110.0,3.8336,142.3534,142.8694,11.42,5732618909.752,4.2921
2021-12-17,JNJ,Healthcare,144.9721,152.6804,144.1361,148.0343,55907556.0,1.6557,142.6625,143.1661,11.4814,8276235917.1708,5.928
2021-12-23,JNJ,Healthcare,147.6647,148.6679,146.0544,148.0519,23588592.0,0.0119,142.9992,143.4968,11.4489,3492335863.9248,1.7894
2021-12-31,JNJ,Healthcare,148.8351,152.1217,148.4479,150.5334,19183429.0,1.6761,143.7883,143.7941,10.2484,2887746791.0286,2.4748
2022-01-07,JNJ,Healthcare,149.7766,153.3756,148.7998,153.0676,34064878.0,1.6835,144.7415,144.0964,10.4691,5214229119.7528,3.0751
2022-01-14,JNJ,Healthcare,152.8388,152.8388,147.0839,147.6911,35948336.0,-3.5125,145.2561,144.2909,13.4018,5309249287.0096,3.9127
2022-01-21,JNJ,Healthcare,147.0399,148.4654,144.7256,145.0776,29812465.0,-1.7696,145.407,144.3815,13.7999,4325120872.284,2.5841
2022-01-28,JNJ,Healthcare,144.3121,151.2725,139.2612,151.1669,56984033.0,4.1973,146.0828,144.5961,15.9146,8614099618.1077,8.625
2022-02-04,JNJ,Healthcare,150.9117,152.7772,149.0902,151.0261,36225205.0,-0.0931,146.7108,144.7863,15.955,5470951432.8505,2.473
2022-02-11,JNJ,Healthcare,150.8325,151.5629,147.4271,147.5767,41230187.0,-2.284,146.9672,144.875,16.8017,6084614937.8429,2.8053
2022-02-18,JNJ,Healthcare,148.5343,148.8797,144.3097,144.6817,36733813.0,-1.9617,147.1435,144.9674,17.1127,5314710512.3221,3.1668
2022-02-25,JNJ,Healthcare,144.8721,147.8922,137.9152,147.0198,39013772.0,1.616,147.6767,145.1631,16.8875,5735796956.6856,7.2341
2022-03-04,JNJ,Healthcare,144.2477,150.4385,143.8139,150.1019,38541142.0,2.0964,148.4348,145.4572,17.2056,5785098642.3698,4.6063
2022-03-11,JNJ,Healthcare,149.0569,153.3257,148.2243,149.9868,41371756.0,-0.0767,148.7704,145.691,15.6817,6205217292.8208,3.4417
2022-03-18,JNJ,Healthcare,151.1647,156.7621,150.8725,154.8491,48684269.0,3.2418,149.2947,146.011,16.5925,7538715238.8079,3.9037
2022-03-25,JNJ,Healthcare,154.6896,157.382,154.0254,156.6912,30299125.0,1.1896,149.9592,146.2851,16.6491,4747606255.2,2.1793
2022-04-01,JNJ,Healthcare,156.4521,159.605,155.5221,157.816,35831200.0,0.7178,150.5194,146.6159,16.4554,5654736659.2,2.6253
2022-04-08,JNJ,Healthcare,157.816,162.2417,155.4513,161.2967,39005548.0,2.2055,151.1524,147.0397,16.6653,6291466174.0916,4.3682
2022-04-14,JNJ,Healthcare,162.0761,163.1388,157.8249,159.3305,23720887.0,-1.219,152.0478,147.4094,14.8473,3779460786.1535,3.367
2022-04-22,JNJ,Healthcare,159.18,164.6799,156.5318,160.783,43630658.0,0.9116,153.2559,147.7525,13.9294,7015068085.214,5.2054
2022-04-29,JNJ,Healthcare,161.4915,165.3442,159.5962,159.8265,50202639.0,-0.5949,153.922,148.1235,12.0518,8023712082.1335,3.6016
2022-05-06,JNJ,Healthcare,159.8353,160.6678,154.7162,156.2041,32424274.0,-2.2665,154.3203,148.329,13.1994,5064804538.3234,3.8468
2022-05-13,JNJ,Healthcare,155.3893,158.6928,154.6276,156.6292,36811553.0,0.2721,155.0167,148.5142,11.9861,5765764097.1476,2.629
2022-05-20,JNJ,Healthcare,156.6293,159.1534,152.9449,156.7444,34273237.0,0.0735,155.9446,148.6892,10.8311,5372137969.6228,4.0593
2022-05-27,JNJ,Healthcare,158.2841,161.9738,158.1593,161.3945,32771029.0,2.9667,157.0503,148.9647,11.6693,5289063839.9405,2.4118
2022-06-03,JNJ,Healthcare,158.6406,160.5745,155.6,157.2324,34467581.0,-2.5788,157.5988,149.2149,12.9741,5419420482.8244,3.197
2022-06-10,JNJ,Healthcare,157.9365,159.9328,152.0643,153.7833,27325708.0,-2.1936,157.8908,149.4156,13.9461,4202237551.0764,5.1745
2022-06-17,JNJ,Healthcare,151.5819,153.5159,149.0686,151.0293,42453441.0,-1.7908,157.597,149.6132,12.7889,6411713476.8213,2.9834
2022-06-24,JNJ,Healthcare,152.179,162.6778,151.1184,162.4639,38411015.0,7.5711,158.0411,149.9934,20.0513,6240403299.8585,7.6492
2022-07-01,JNJ,Healthcare,161.8846,163.4092,155.9935,159.9952,38559563.0,-1.5195,158.2087,150.2465,20.3528,6169344994.0976,4.7538
2022-07-08,JNJ,Healthcare,159.3803,160.4141,155.6193,158.8901,20567208.0,-0.6907,158.0236,150.4654,19.8992,3267925735.8408,3.0812
2022-07-15,JNJ,Healthcare,158.3731,159.5496,153.5576,158.8455,24696683.0,-0.0281,157.9863,150.711,19.7461,3922956959.4765,3.9021
2022-07-22,JNJ,Healthcare,158.4088,158.8098,151.2967,153.4,38304143.0,-3.4282,157.4183,150.7903,20.7687,5875855536.2,4.9658
2022-07-29,JNJ,Healthcare,153.4,156.9382,152.5177,155.539,25575763.0,1.3944,157.0885,150.9038,21.0355,3978028601.257,2.8984
2022-08-05,JNJ,Healthcare,155.2271,156.4035,151.3235,152.4999,27152634.0,-1.9539,156.8036,150.9437,20.9095,4140773969.7366,3.3571
2022-08-12,JNJ,Healthcare,152.6692,152.8297,147.1881,147.3218,39702395.0,-3.3955,156.0876,150.8315,21.8564,5849028295.711,3.8329
2022-08-19,JNJ,Healthcare,147.9457,151.6176,147.1659,150.8957,41372877.0,2.4259,155.6377,150.7347,22.5849,6242989235.9289,3.025
2022-08-26,JNJ,Healthcare,151.5453,151.5632,147.3237,147.391,28058973.0,-2.3226,154.5605,150.6621,21.786,4135640089.443,2.8777
2022-09-02,JNJ,Healthcare,146.6732,149.1227,144.6992,146.0182,34220478.0,-0.9314,153.6979,150.5277,21.4013,4996812600.6996,3.057
2022-09-09,JNJ,Healthcare,147.0949,149.1361,145.4978,148.683,23272165.0,1.825,153.3056,150.5801,21.5545,3460175308.695,2.5006
2022-09-16,JNJ,Healthcare,149.0419,150.4057,144.2865,150.3788,50023397.0,1.1405,153.2555,150.7024,21.425,7522458412.7836,4.241
2022-09-23,JNJ,Healthcare,149.2124,150.2711,146.0989,149.5892,39522861.0,-0.5251,152.2652,150.8162,13.8004,5912193158.7012,2.8557
2022-09-30,JNJ,Healthcare,148.7638,150.4416,146.5386,146.5745,42076673.0,-2.0153,151.2328,150.9373,13.9756,6167367306.6385,2.6635
2022-10-07,JNJ,Healthcare,147.4089,148.9791,142.815,143.7392,31686859.0,-1.9344,150.0674,150.9962,14.209,4554643763.1728,4.3161
2022-10-14,JNJ,Healthcare,144.1249,148.9342,142.8239,147.5614,28019746.0,2.6591,149.1994,151.1224,15.735,4134632947.4044,4.2782
2022-10-21,JNJ,Healthcare,148.4048,151.9669,146.2963,151.3747,41786515.0,2.5842,149.0436,151.2812,15.5518,6325421172.1705,3.8761
2022-10-28,JNJ,Healthcare,152.3617,157.3684,151.2043,156.9018,30106568.0,3.6513,149.1484,151.5604,17.0612,4723774711.0224,4.0767
2022-11-04,JNJ,Healthcare,156.5877,157.162,151.5811,153.8601,31794203.0,-1.9386,149.253,151.7719,17.0532,4891859253.0003,3.6818
2022-11-11,JNJ,Healthcare,154.0306,157.0185,149.679,151.8593,36871823.0,-1.3004,149.6021,151.9184,15.6528,5599329230.5039,4.9035
2022-11-18,JNJ,Healthcare,152.7565,158.4899,152.7565,158.0951,32455013.0,4.1063,150.1559,152.2204,16.9681,5130978525.7363,3.7533
2022-11-25,JNJ,Healthcare,158.8304,160.8441,157.8732,160.0495,18862676.0,1.2362,151.1296,152.6043,15.9713,3018961862.462,1.8818
2022-12-02,JNJ,Healthcare,159.607,162.5057,157.7197,161.5304,38278276.0,0.9253,152.3228,153.0136,15.5978,6183105233.5904,3.0345
2022-12-09,JNJ,Healthcare,161.0609,162.5418,158.6228,158.695,28126164.0,-1.7553,153.093,153.265,16.2109,4463481595.98,2.4707
2022-12-16,JNJ,Healthcare,158.8846,163.4801,157.9004,158.6318,50037983.0,-0.0398,153.7278,153.4688,16.1888,7937615311.6594,3.5337
2022-12-23,JNJ,Healthcare,158.3428,160.8983,157.1869,160.2662,26775477.0,1.0303,154.5492,153.7037,16.0877,4291203951.9774,2.3611
2022-12-30,JNJ,Healthcare,160.8351,161.1421,158.3879,159.5167,12758347.0,-0.4677,155.5447,153.8764,15.2946,2035169410.8949,1.7389
2023-01-06,JNJ,Healthcare,159.0742,163.3815,158.9387,162.7675,28094916.0,2.0379,157.0084,154.0629,14.3965,4572939240.03,2.7953
2023-01-13,JNJ,Healthcare,161.9097,162.3251,155.417,156.609,29825048.0,-3.7836,157.7044,154.2344,16.7179,4670870942.232,4.4448
2023-01-20,JNJ,Healthcare,157.1237,157.6475,151.2361,152.3739,28661128.0,-2.7043,157.7813,154.3748,17.1779,4367207851.7592,4.2393
2023-01-27,JNJ,Healthcare,152.699,158.0268,149.9087,151.9134,39071280.0,-0.3022,157.3975,154.3891,15.3338,5935450987.152,5.4153
2023-02-03,JNJ,Healthcare,151.6425,152.1933,145.4298,148.6445,61704404.0,-2.1518,156.9963,154.3433,15.4424,9172020280.378,4.6507
2023-02-10,JNJ,Healthcare,148.5903,148.8635,145.4478,146.4231,35364025.0,-1.4944,156.5782,154.3211,15.5047,5178110168.9775,2.3484
2023-02-17,JNJ,Healthcare,146.709,148.2003,142.4259,145.8542,48942905.0,-0.3885,155.6366,154.3437,12.2951,7138528254.451,4.0543
2023-02-24,JNJ,Healthcare,145.1812,145.8177,141.1436,141.8347,37318918.0,-2.7558,154.2354,154.244,12.2977,5293117538.8546,3.3116
2023-03-03,JNJ,Healthcare,142.2713,142.6805,137.5253,140.0615,37608664.0,-1.2502,152.584,154.0509,11.6418,5267525892.836,3.7486
2023-03-10,JNJ,Healthcare,140.6435,142.0894,137.0515,137.8699,37780143.0,-1.5647,150.982,153.8179,11.6,5208744537.3957,3.6759
2023-03-17,JNJ,Healthcare,138.3064,141.7802,137.8335,138.5701,55125197.0,0.5079,149.4388,153.5048,11.8584,7638704060.8097,2.8634
2023-03-24,JNJ,Healthcare,138.6519,140.1615,136.5058,138.8156,38197682.0,0.1772,147.7888,153.161,11.3295,5302434145.4392,2.678
2023-03-31,JNJ,Healthcare,140.2251,141.1254,137.9744,140.9526,33345557.0,1.5395,146.3608,152.8367,12.4602,4700142957.5982,2.2837
2023-04-06,JNJ,Healthcare,140.9072,152.0743,139.9887,150.1828,41476003.0,6.5484,145.3927,152.623,18.7826,6228982263.3484,8.6332
2023-04-14,JNJ,Healthcare,149.7099,151.2558,148.3185,150.8102,29887759.0,0.4178,144.9467,152.4592,17.5207,4507378912.3418,1.9804
2023-04-21,JNJ,Healthcare,150.7147,151.174,145.1812,147.9457,45871357.0,-1.8994,144.606,152.2123,17.1038,6786470021.3149,4.1278
2023-04-28,JNJ,Healthcare,147.9457,150.3647,147.2,148.8642,28749211.0,0.6208,144.3715,152.0015,17.1796,4279728296.1462,2.1499
2023-05-05,JNJ,Healthcare,148.7732,151.1194,146.6362,147.9366,28694773.0,-0.6231,144.317,151.8425,16.6645,4245007155.3918,3.0574
2023-05-12,JNJ,Healthcare,147.3091,147.8366,144.9449,146.2088,27044147.0,-1.1679,144.3005,151.6421,16.5511,3954092279.8936,1.995
2023-05-19,JNJ,Healthcare,146.227,146.4362,143.2806,144.5083,29244785.0,-1.1631,144.197,151.4068,16.7042,4226114164.2155,2.2023
2023-05-26,JNJ,Healthcare,144.7707,145.8152,140.849,141.4263,30215536.0,-2.1327,144.1656,151.0228,16.3081,4273271458.9968,3.5259
2023-06-02,JNJ,Healthcare,141.0782,144.1385,140.3268,143.827,31752843.0,1.6975,144.4552,150.765,16.3936,4566916150.161,2.7163
2023-06-09,JNJ,Healthcare,143.6254,147.2675,143.6254,146.6124,30092158.0,1.9366,145.1277,150.6271,16.2297,4411883505.5592,2.5359
2023-06-16,JNJ,Healthcare,146.6033,151.1755,145.4396,150.4791,39842108.0,2.6374,146.0438,150.6165,16.7852,5995404553.9428,3.9438
2023-06-23,JNJ,Healthcare,150.5066,152.3483,149.068,151.6244,30110576.0,0.7611,147.0291,150.4081,16.753,4565498019.6544,2.2005
2023-06-30,JNJ,Healthcare,151.1663,152.0459,147.8219,151.6611,30814605.0,0.0242,147.8528,150.2478,16.7002,4673376890.3655,2.8575
2023-07-07,JNJ,Healthcare,150.5798,150.6256,145.8702,145.916,24615149.0,-3.7881,147.5246,149.9983,13.1305,3591744081.484,3.2601
2023-07-14,JNJ,Healthcare,146.0809,146.8781,144.2301,146.4841,31050742.0,0.3893,147.1918,149.7606,13.1247,4548439996.2022,1.836
2023-07-21,JNJ,Healthcare,146.3741,156.5173,144.1568,155.94,53315976.0,6.4552,147.8068,149.8094,18.1386,8314093297.44,8.5743
2023-07-28,JNJ,Healthcare,157.1403,160.6771,155.5368,159.8708,69818897.0,2.5207,148.6535,149.8927,18.615,11162002918.5076,3.3049
2023-08-04,JNJ,Healthcare,155.4819,158.2215,152.1558,154.8863,93883812.0,-3.1178,149.188,149.9386,19.9358,14541316270.5756,3.9865
2023-08-11,JNJ,Healthcare,155.2987,161.2361,155.1795,159.2936,182208969.0,2.8455,150.1946,150.1688,20.1922,29024722624.2984,3.9029
2023-08-18,JNJ,Healthcare,158.9913,160.8971,156.9663,158.0475,359092083.0,-0.7823,151.236,150.3064,20.054,56753605987.9425,2.5042
2023-08-25,JNJ,Healthcare,156.5948,156.7425,150.8548,153.4203,416106868.0,-2.9277,152.1587,150.4223,20.6008,63839240520.6204,3.9029
2023-09-01,JNJ,Healthcare,152.2668,153.3834,147.6665,148.0956,64548753.0,-3.4707,152.487,150.4623,22.0229,9559386304.7868,3.8715
2023-09-08,JNJ,Healthcare,148.1694,149.4706,145.2071,148.1694,35663622.0,0.0498,152.6068,150.4524,21.7247,5284257473.5668,2.9361
2023-09-15,JNJ,Healthcare,148.6308,152.5159,148.0679,148.9907,40903197.0,0.5543,152.4923,150.4257,21.0695,6094195953.2679,3.0041
2023-09-22,JNJ,Healthcare,149.609,150.9152,147.8833,148.114,24681718.0,-0.5884,152.2223,150.3973,21.0207,3655707979.852,2.0502
2023-09-29,JNJ,Healthcare,147.7172,147.9848,143.2738,143.7306,37380720.0,-2.9595,151.6122,150.3426,21.7532,5372753314.032,3.2881
2023-10-06,JNJ,Healthcare,143.426,146.0838,141.4881,145.4747,29752045.0,1.2135,151.5783,150.376,20.6187,4328169820.7615,3.2481
2023-10-13,JNJ,Healthcare,145.0502,146.9789,143.0997,144.7457,27763526.0,-0.5011,151.4446,150.3219,20.6253,4018651005.3382,2.7109
2023-10-20,JNJ,Healthcare,145.6408,146.6835,138.5627,141.1928,42690630.0,-2.4546,150.3102,150.1261,15.5007,6027609583.464,5.8607
2023-10-27,JNJ,Healthcare,141.0636,141.6542,133.7641,134.3639,36908324.0,-4.8366,148.3481,149.6926,15.7761,4959146355.1036,5.8986
2023-11-03,JNJ,Healthcare,134.816,140.5191,134.733,139.6609,31791361.0,3.9423,147.1769,149.4196,18.3683,4440010089.4849,4.2945
2023-11-10,JNJ,Healthcare,140.067,140.6622,134.4008,135.8866,29057387.0,-2.7025,145.3764,149.1124,16.9417,3948509524.3142,4.6587
2023-11-17,JNJ,Healthcare,135.8865,139.1487,135.3328,138.2305,33233244.0,1.7249,143.852,148.7304,17.9169,4593847934.742,2.8196
2023-11-24,JNJ,Healthcare,137.5791,142.0154,137.2349,141.8485,22763767.0,2.6174,142.9618,148.3804,18.7404,3229006203.2995,3.4834
2023-12-01,JNJ,Healthcare,141.6533,147.3923,140.3045,147.3179,40373578.0,3.8558,142.902,148.1071,19.5381,5947750726.4462,5.0517
2023-12-08,JNJ,Healthcare,146.9644,148.8433,143.0949,143.6344,35527758.0,-2.5004,142.5532,147.8174,20.162,5103008203.6752,4.0172
2023-12-15,JNJ,Healthcare,143.7089,146.1831,141.1696,144.3228,53147895.0,0.4793,142.1941,147.5423,20.1503,7670453020.506,3.5514
2023-12-22,JNJ,Healthcare,144.3693,145.718,142.4159,144.6018,29076489.0,0.1933,141.9239,147.241,20.1471,4204512647.0802,2.3186
2023-12-29,JNJ,Healthcare,144.1739,146.2575,144.0344,145.7924,18095197.0,0.8234,142.0825,146.9771,19.2609,2638142199.1028,1.5434
2024-01-05,JNJ,Healthcare,145.9692,150.6664,145.8389,149.8758,29721775.0,2.8008,142.4211,146.7292,19.8945,4454574805.545,3.3102
2024-01-12,JNJ,Healthcare,149.8479,151.8756,148.462,151.0478,27314869.0,0.782,142.9059,146.6222,19.8459,4125850869.7382,2.2994
2024-01-19,JNJ,Healthcare,150.2851,150.9176,148.5364,150.3874,24435100.0,-0.4372,143.6131,146.584,18.9966,3674731157.74,1.6031
2024-01-26,JNJ,Healthcare,150.685,152.1546,145.9505,148.3596,33631034.0,-1.3484,144.6897,146.5157,15.7368,4989486751.8264,4.2508
2024-02-02,JNJ,Healthcare,147.9039,149.4014,145.0483,145.6715,38248795.0,-1.8119,145.1521,146.4585,14.9243,5571759340.8425,3.0012
2024-02-09,JNJ,Healthcare,145.6715,148.2387,144.4623,145.811,43326875.0,0.0958,145.9155,146.4467,13.4226,6317534970.625,2.6141
2024-02-16,JNJ,Healthcare,146.7507,148.5268,145.1199,146.7226,40424825.0,0.6252,146.5687,146.4634,13.187,5931235428.545,2.3476
2024-02-23,JNJ,Healthcare,146.732,152.0648,146.6195,151.6805,31766015.0,3.3791,147.325,146.6528,13.7971,4818285038.2075,3.7139
2024-03-01,JNJ,Healthcare,151.643,152.3647,149.6186,151.9429,32134548.0,0.173,147.6808,146.8813,11.7718,4882616413.3092,1.8354
2024-03-08,JNJ,Healthcare,151.1931,151.4649,148.3065,149.5061,33077625.0,-1.6038,148.1325,147.105,10.9735,4945306711.0125,2.1297
2024-03-15,JNJ,Healthcare,149.478,152.8707,147.238,148.2502,38913177.0,-0.84,148.4346,147.2912,11.2049,5768886272.8854,3.8256
2024-03-22,JNJ,Healthcare,148.6157,148.7282,145.3636,145.4854,33589582.0,-1.865,148.5026,147.4195,11.9554,4886793773.1028,2.3146
2024-03-28,JNJ,Healthcare,145.6447,149.15,145.0449,148.2596,29005302.0,1.9069,148.6923,147.56,12.4419,4300314472.3992,2.8302
2024-04-05,JNJ,Healthcare,147.8191,148.2221,142.0927,142.8237,31591782.0,-3.6665,148.1499,147.4185,13.1576,4512055194.8334,4.3137
2024-04-12,JNJ,Healthcare,142.4488,143.4282,137.9126,138.2594,34293828.0,-3.1958,147.1661,147.1771,14.0438,4741444082.9832,3.9993
2024-04-19,JNJ,Healthcare,139.056,140.1057,134.145,138.6249,50293639.0,0.2644,146.2613,146.9979,14.1618,6971950677.0111,4.4435
2024-04-26,JNJ,Healthcare,139.1872,141.0429,136.7879,136.966,43811109.0,-1.1967,145.3849,146.769,14.1305,6000632355.294,3.1107
2024-05-03,JNJ,Healthcare,136.9661,142.7675,135.4572,139.8996,44745532.0,2.1418,144.9409,146.6145,14.8494,6259882028.5872,5.3968
2024-05-10,JNJ,Healthcare,140.4619,140.6775,138.6249,140.4994,32368354.0,0.4287,144.5323,146.5047,14.9018,4547734315.9876,1.4806
2024-05-17,JNJ,Healthcare,140.6213,145.1387,140.3073,144.9325,33543346.0,3.1552,144.3946,146.5128,16.346,4861520994.145,3.4434
2024-05-24,JNJ,Healthcare,144.6654,145.5914,138.6747,138.8731,37365420.0,-4.1808,143.4094,146.4637,16.4249,5189051708.202,4.9877
2024-05-31,JNJ,Healthcare,138.703,139.355,135.7927,138.5896,41875953.0,-0.2041,142.3823,146.363,16.36,5803571575.8888,2.6233
2024-06-07,JNJ,Healthcare,139.1376,140.6967,136.6903,138.977,32224908.0,0.2795,141.5723,146.2162,16.3334,4478521039.116,2.931
2024-06-14,JNJ,Healthcare,138.4573,139.4305,135.9533,137.5218,28508754.0,-1.0471,140.7471,145.967,16.3553,3920575165.8372,2.5577
2024-06-21,JNJ,Healthcare,137.0305,140.8668,136.7659,140.555,36749741.0,2.2056,140.3678,145.7541,16.9548,5165359846.255,2.9985
2024-06-28,JNJ,Healthcare,140.7912,141.4715,136.8604,138.1077,35037764.0,-1.7412,139.5869,145.4935,16.5181,4838984999.1828,3.3692
2024-07-05,JNJ,Healthcare,138.0227,140.5078,136.5392,138.4101,18771097.0,0.219,139.2474,145.3492,15.0756,2598109412.8797,2.9066
2024-07-12,JNJ,Healthcare,138.3344,142.5676,137.1816,141.6227,28934106.0,2.3211,139.5061,145.2557,14.3798,4097726213.8062,3.9262
2024-07-19,JNJ,Healthcare,141.8117,148.8134,140.6683,146.1677,44546648.0,3.2092,140.0863,145.0677,15.5891,6511281080.8696,5.7903
2024-07-26,JNJ,Healthcare,146.2433,152.6781,143.2196,151.7899,38647152.0,3.8464,141.2266,144.9123,16.5424,5866247337.3648,6.6042
2024-08-02,JNJ,Healthcare,151.1568,155.768,149.0213,155.0971,38957896.0,2.1788,142.3957,144.9164,16.5554,6042256691.7016,4.5273
2024-08-09,JNJ,Healthcare,154.7712,156.6468,149.3238,151.7711,35306397.0,-2.1445,143.2627,144.7717,17.5872,5358490709.7267,4.9041
2024-08-16,JNJ,Healthcare,152.1018,152.7915,147.8213,150.6088,34708622.0,-0.7658,143.6994,144.6287,16.8746,5227423909.0736,3.3623
2024-08-23,JNJ,Healthcare,150.675,155.1727,150.3632,155.0877,30348596.0,2.9739,144.9466,144.6607,14.5034,4706693951.8692,3.1986
2024-08-30,JNJ,Healthcare,156.306,158.0293,154.3922,157.915,31807690.0,1.823,146.4332,144.8496,14.4183,5022911366.35,2.3557
2024-09-06,JNJ,Healthcare,157.3247,160.7618,156.2584,156.5059,24141810.0,-0.8923,147.7816,145.0099,14.8653,3778335701.679,2.882
2024-09-13,JNJ,Healthcare,156.9439,160.3905,154.916,157.5913,28252726.0,0.6935,149.3254,145.1753,14.2534,4452383818.8838,3.5338
2024-09-20,JNJ,Healthcare,158.391,160.2857,155.7156,156.2964,31772324.0,-0.8217,150.5363,145.3326,14.4934,4965899860.8336,2.9349
2024-09-27,JNJ,Healthcare,156.5249,156.6201,152.3547,153.6686,29809353.0,-1.6813,151.7333,145.5238,14.4476,4580761542.4158,2.7997
2024-10-04,JNJ,Healthcare,153.8305,154.954,151.1694,152.6118,25225815.0,-0.6877,152.8257,145.661,14.7284,3849757033.617,2.5035
2024-10-11,JNJ,Healthcare,152.5737,154.8682,151.3359,153.7257,25126838.0,0.7299,153.7567,145.8337,14.3425,3862640760.3366,2.3341
2024-10-18,JNJ,Healthcare,153.6686,158.7623,151.3836,157.2104,33200468.0,2.2668,154.6061,146.1417,13.7246,5219458854.4672,4.8742
2024-10-25,JNJ,Healthcare,157.1914,158.0482,152.9164,153.1735,30992348.0,-2.5678,154.7126,146.5035,13.0869,4747206416.378,3.356
2024-11-01,JNJ,Healthcare,153.4116,154.4018,151.4124,152.4595,29750574.0,-0.4661,154.5097,146.7496,12.2985,4535757636.753,1.9743
2024-11-08,JNJ,Healthcare,152.0501,153.145,147.9656,148.0227,36566632.0,-2.9101,154.2213,146.983,12.9245,5412691598.5464,3.5004
2024-11-15,JNJ,Healthcare,148.1655,150.0316,143.5383,146.6231,40535300.0,-0.9455,153.9147,147.1444,12.9649,5943411345.43,4.5237
2024-11-22,JNJ,Healthcare,145.2806,149.5888,144.538,147.737,43216146.0,0.7597,153.3493,147.2576,11.2677,6384623761.602,3.4945
2024-11-29,JNJ,Healthcare,148.9227,150.7126,146.9936,148.7691,27768006.0,0.6986,152.6458,147.2855,10.5229,4131021261.4146,2.53
2024-12-06,JNJ,Healthcare,148.5195,148.7594,142.4059,143.2985,42241728.0,-3.6772,151.6298,147.2791,12.3482,6053176259.808,4.4615
2024-12-13,JNJ,Healthcare,143.2794,144.815,139.2005,140.7169,45756799.0,-1.8016,150.3318,147.2097,12.1681,6438754909.2031,4.0334
2024-12-20,JNJ,Healthcare,140.8224,141.3215,137.0027,138.6534,55630838.0,-1.4664,148.9746,147.0953,12.2288,7713404833.5492,3.1524
2024-12-27,JNJ,Healthcare,138.807,140.6977,137.6745,139.2101,22130182.0,0.4015,147.8624,146.9687,12.3637,3080744849.2382,2.1959
2025-01-03,JNJ,Healthcare,139.0085,139.9011,137.1946,138.3847,24011239.0,-0.5929,146.768,146.7478,12.367,3322788105.6433,1.9727
2025-01-10,JNJ,Healthcare,137.732,141.2543,135.016,136.3404,36329596.0,-1.4773,145.4307,146.4649,12.016,4953191650.4784,4.6204
2025-01-17,JNJ,Healthcare,137.2234,142.4059,136.5803,141.1103,46229750.0,3.4985,144.1922,146.2865,13.5765,6523493891.425,4.2653
2025-01-24,JNJ,Healthcare,141.619,142.8667,136.3884,140.9088,48340537.0,-0.1428,143.2488,146.1432,13.0739,6811607060.0256,4.7498
2025-01-31,JNJ,Healthcare,142.4732,147.9341,142.0413,146.0242,49999046.0,3.6303,142.7538,146.15,15.6103,7301070692.9132,4.1486
2025-02-07,JNJ,Healthcare,145.8803,148.6061,144.7094,146.9552,38903117.0,0.6376,142.6717,146.172,14.6311,5717015339.3584,2.6928
2025-02-14,JNJ,Healthcare,147.4255,151.7635,146.1586,149.8632,39354303.0,1.9788,142.9209,146.2324,15.0081,5897761781.3496,3.8348
2025-02-21,JNJ,Healthcare,149.1177,158.1824,148.247,157.0118,37416353.0,4.7701,143.6344,146.3349,17.5909,5874808933.9654,6.7019
2025-02-28,JNJ,Healthcare,157.3793,161.0072,156.4603,159.6431,54304012.0,1.6759,144.4708,146.483,17.7474,8669260818.1172,2.9061
2025-03-07,JNJ,Healthcare,159.5851,164.4512,158.1823,161.2587,47611957.0,1.012,145.8524,146.709,15.1736,7677842290.2759,3.9631
2025-03-14,JNJ,Healthcare,162.0229,164.3641,155.8508,157.5051,46947534.0,-2.3277,147.1438,146.887,15.6145,7394476037.4234,5.4624
2025-03-21,JNJ,Healthcare,157.1182,159.4883,156.4603,158.2984,44488462.0,0.5037,148.6549,147.1334,14.801,7042452353.0608,1.9353
2025-03-28,JNJ,Healthcare,157.5341,159.1594,155.3236,158.3758,35239546.0,0.0489,150.1292,147.328,14.8838,5581091289.3868,2.4696
2025-04-04,JNJ,Healthcare,159.0144,161.2007,147.9471,148.247,75992426.0,-6.3954,150.8878,147.4322,20.9079,11265649177.222,8.9583
2025-04-11,JNJ,Healthcare,146.3509,148.5856,136.8895,146.7862,72649498.0,-0.9854,151.6914,147.5962,20.7215,10663943743.3276,8.5442
2025-04-17,JNJ,Healthcare,146.6459,154.2449,146.2403,152.3391,40501354.0,3.783,152.5551,147.86,20.9005,6169939817.1414,5.4736
2025-04-25,JNJ,Healthcare,152.8132,153.5484,147.4827,149.5433,39475549.0,-1.8352,153.2193,148.1018,21.4388,5903303866.7717,4.1128
2025-05-02,JNJ,Healthcare,150.4333,153.0453,148.363,151.0331,33960448.0,0.9962,153.6046,148.3159,20.3939,5129151738.8288,3.156
2025-05-09,JNJ,Healthcare,151.5652,152.796,148.6774,149.195,36089335.0,-1.217,153.7769,148.4832,20.596,5384348335.325,2.7701
2025-05-16,JNJ,Healthcare,147.0667,150.2979,141.3541,146.3992,45786261.0,-1.8739,153.5104,148.5114,20.5585,6703071981.3912,6.3272
2025-05-23,JNJ,Healthcare,146.9409,149.3982,146.1283,147.9567,41286498.0,1.0639,152.8139,148.686,17.8836,6108613998.6366,2.2377
2025-05-30,JNJ,Healthcare,148.8021,151.9143,147.8655,151.4265,37790702.0,2.3451,152.1819,148.9329,18.2705,5722513736.403,2.7382
2025-06-06,JNJ,Healthcare,150.7143,152.2265,148.5874,151.2509,32551386.0,-0.116,151.412,149.1689,18.0371,4923426428.7474,2.4491
2025-06-13,JNJ,Healthcare,151.0752,153.8265,150.685,153.2704,31790512.0,1.3352,151.0863,149.4718,17.8826,4872544490.4448,2.0848
2025-06-20,JNJ,Healthcare,152.607,152.6802,145.4069,146.1386,44361801.0,-4.6531,150.1509,149.5792,19.8891,6482971491.6186,5.002
2025-06-27,JNJ,Healthcare,146.0899,149.5924,146.0899,148.6948,41263468.0,1.7492,149.4062,149.7828,20.405,6135663121.5664,2.3975
2025-07-03,JNJ,Healthcare,148.4509,153.9046,147.8265,152.207,28962779.0,2.362,149.7108,150.0481,16.4809,4408337703.253,4.1117
2025-07-11,JNJ,Healthcare,152.2168,155.3583,150.4509,153.0753,33462093.0,0.5705,150.1946,150.2683,16.2774,5122219924.6029,3.2618
2025-07-18,JNJ,Healthcare,153.046,162.0705,151.0265,159.7095,60282394.0,4.3339,150.7616,150.5288,16.8099,9627671004.543,7.3127
2025-07-25,JNJ,Healthcare,159.7778,165.8462,158.812,164.1974,41051731.0,2.81,151.8888,150.7674,16.7132,6740587495.6994,4.4293
2025-08-01,JNJ,Healthcare,163.7682,164.6674,160.2267,163.2511,41831617.0,-0.5763,152.8286,150.9242,16.9062,6829057490.0287,2.7715
2025-08-08,JNJ,Healthcare,162.9584,169.7146,162.5779,169.1048,46573484.0,3.5857,154.3602,151.2575,17.3605,7875799697.1232,4.3897
2025-08-15,JNJ,Healthcare,169.1731,172.9439,167.6218,172.3341,38772382.0,1.9096,156.3552,151.6753,16.2656,6681803556.8262,3.175
2025-08-22,JNJ,Healthcare,172.1975,176.7439,171.6863,174.9195,45972576.0,1.5002,158.4292,152.0567,16.2632,8041500007.632,2.9459
2025-08-29,JNJ,Healthcare,176.434,177.1613,171.6281,174.1244,34692299.0,-0.4546,160.1752,152.3684,16.4609,6040775747.9956,3.224
2025-09-05,JNJ,Healthcare,174.4192,176.4192,173.4954,175.3627,33429130.0,0.7112,162.03,152.731,16.2773,5862222495.451,1.6853
2025-09-12,JNJ,Healthcare,174.3111,176.3603,171.3332,174.9991,34292807.0,-0.2073,163.7014,153.0658,16.4995,6001210361.4737,2.9341
2025-09-19,JNJ,Healthcare,174.7042,175.9131,170.3504,173.1612,53265195.0,-1.0502,165.7801,153.3901,12.0872,9223465084.434,3.2654
2025-09-26,JNJ,Healthcare,173.0629,176.8173,171.1268,176.6207,39330759.0,1.9978,167.9282,153.8315,12.135,6946626186.1113,3.3253
2025-10-03,JNJ,Healthcare,176.7337,186.5201,176.7092,185.3972,49633046.0,4.9691,170.4813,154.462,14.0504,9201827755.8712,5.552
2025-10-10,JNJ,Healthcare,184.7683,188.7978,179.7952,187.4415,37416819.0,1.1027,173.1249,155.1104,13.93,7013464678.5885,5.0071
2025-10-17,JNJ,Healthcare,186.5668,191.0582,182.6847,189.8985,49442020.0,1.3108,175.4471,155.739,12.595,9388965434.97,4.5836
2025-10-24,JNJ,Healthcare,190.1737,191.1369,186.1638,187.127,36880442.0,-1.4595,177.2109,156.392,13.3301,6901326470.134,2.6713
2025-10-31,JNJ,Healthcare,186.724,187.5201,181.4857,185.6233,41870675.0,-0.8036,178.9318,157.0297,13.4556,7772172866.7275,3.325
2025-11-07,JNJ,Healthcare,185.751,185.7805,182.1854,183.3628,33453948.0,-1.2178,180.0286,157.7093,12.8865,6134209576.3344,1.9733
2025-11-14,JNJ,Healthcare,182.8026,193.7904,181.9377,192.5619,39049135.0,5.0169,181.5846,158.5928,15.4563,7519375628.9565,6.5147
2025-11-21,JNJ,Healthcare,193.5742,203.3825,192.5324,200.3949,64218056.0,4.0678,183.5442,159.6054,16.7066,12868970910.3144,5.6355
2025-11-28,JNJ,Healthcare,201.4675,205.5224,200.7654,204.6422,37446870.0,2.1195,185.8918,160.6799,16.4765,7663209859.914,2.3695
2025-12-05,JNJ,Healthcare,204.2268,205.4136,198.5994,199.7071,42066078.0,-2.4116,187.7644,161.7647,18.0473,8400894445.7538,3.4311
2025-12-12,JNJ,Healthcare,200.4291,209.9333,197.7044,209.2509,42372633.0,4.7789,190.3992,163.0827,19.2753,8866511590.6197,6.1854
2025-12-19,JNJ,Healthcare,208.0294,212.8162,203.7619,204.0982,59178106.0,-2.4625,192.7789,164.3412,20.2413,12078144914.0092,4.4435
2025-12-26,JNJ,Healthcare,203.8609,205.7894,201.0423,205.3444,19928372.0,0.6106,194.9885,165.613,20.2267,4092179591.3168,2.3613
2026-01-02,JNJ,Healthcare,205.7102,207.1641,201.4378,205.0674,18695934.0,-0.1349,196.5015,166.8954,18.619,3833926575.9516,2.8427
2026-01-09,JNJ,Healthcare,203.6037,206.6795,198.6984,202.14,37842850.0,-1.4275,197.6322,168.1608,19.1269,7649553699.0,4.0167
2026-01-16,JNJ,Healthcare,203.2872,217.6869,201.6059,216.2529,53546344.0,6.9817,199.6595,169.6058,22.9935,11579552174.3976,7.9765
2026-01-23,JNJ,Healthcare,214.7002,219.7243,208.1827,217.7166,48677833.0,0.6768,202.0125,171.0829,22.3715,10597972296.1278,5.5439
2026-01-30,JNJ,Healthcare,217.7859,227.4681,217.5782,224.7484,44726080.0,3.2298,205.0221,172.5968,22.2485,10052114918.272,4.5455
2026-02-06,JNJ,Healthcare,225.8066,238.2827,224.7483,237.3481,44682767.0,5.6061,209.1748,174.3351,22.7824,10605369850.1927,6.022
2026-02-13,JNJ,Healthcare,237.6052,243.6381,234.4306,240.77,46428497.0,1.4417,212.8832,176.0833,21.8687,11178589222.69,3.9276
2026-02-20,JNJ,Healthcare,241.4425,244.2414,237.6349,239.8206,41952417.0,-0.3943,215.9159,177.6758,21.6615,10061053816.3902,2.7801
2026-02-27,JNJ,Healthcare,242.2199,247.4991,240.6193,246.9921,48168377.0,2.9904,219.1736,179.3556,21.8505,11897208588.8217,2.8592
2026-03-06,JNJ,Healthcare,247.7477,250.2531,234.0674,239.0086,37544280.0,-3.2323,222.1968,180.8508,22.5378,8973405800.808,6.915
2026-03-13,JNJ,Healthcare,239.4759,244.1684,238.6507,240.1221,36118683.0,0.4659,224.5715,182.4396,21.3868,8672894011.1943,2.3121
2026-03-20,JNJ,Healthcare,242.5082,243.6366,233.1427,234.0077,46333282.0,-2.5464,226.8722,183.8955,21.448,10842344754.2714,4.5011
2026-03-27,JNJ,Healthcare,236.026,241.2754,230.8923,239.0583,35605646.0,2.1583,229.4656,185.4471,21.519,8511825203.1618,4.4969
2026-04-02,JNJ,Healthcare,242.0807,245.7792,239.1179,241.6333,27988814.0,1.0771,232.2784,187.243,21.3248,6763029489.9062,2.7857
2026-04-10,JNJ,Healthcare,241.2455,242.7866,232.5462,237.0798,33025715.0,-1.8845,234.966,188.9794,21.5969,7829729907.057,4.4036
2026-04-17,JNJ,Healthcare,236.3342,240.7882,230.697,232.8246,42060923.0,-1.7948,236.2408,190.5272,18.4509,9792817573.1058,4.3742
2026-04-24,JNJ,Healthcare,233.451,233.8984,222.4799,226.1833,41660229.0,-2.8525,236.8921,192.0011,19.6951,9422848073.9757,5.1324
2026-05-01,JNJ,Healthcare,224.4633,229.8221,223.0558,225.8751,37169552.0,-0.1363,236.9787,193.4403,18.6699,8395676274.9552,3.0335
2026-05-08,JNJ,Healthcare,224.2047,225.7557,219.353,220.039,34574468.0,-2.5838,235.6473,194.8027,14.9616,7607731364.252,2.9189
2026-05-15,JNJ,Healthcare,220.039,230.7914,219.0945,225.3978,41461531.0,2.4354,234.4648,196.3219,15.6539,9345337872.0318,5.3387
2026-05-22,JNJ,Healthcare,225.3979,234.132,224.5528,232.9837,37075303.0,3.3656,233.9389,197.9571,17.4508,8637941271.5611,4.2659
2026-05-29,JNJ,Healthcare,233.0,233.24,224.585,225.33,33556438.0,-3.2851,232.2726,199.3783,16.9941,7561272174.54,3.8538
2026-06-05,JNJ,Healthcare,223.2,235.215,220.84,232.77,35526904.0,3.3018,231.7927,200.946,17.7462,8269597444.08,6.5092
2026-06-12,JNJ,Healthcare,232.77,241.6,230.41,240.87,38123450.0,3.4798,231.8502,202.6306,19.1836,9182795401.5,4.8566
2026-06-18,JNJ,Healthcare,239.0,239.5,227.6,228.39,42987899.0,-5.1812,231.4181,204.2123,21.3359,9818006252.61,5.2285
2026-06-26,JNJ,Healthcare,228.95,255.11,227.5,254.66,54910859.0,11.5023,232.6182,206.2501,31.4813,13983599352.94,12.1363
2026-07-02,JNJ,Healthcare,253.19,263.1,251.075,263.04,31595140.0,3.2907,234.2649,208.3815,31.943,8310785625.6,4.7894
2026-07-10,JNJ,Healthcare,260.225,269.43,255.52,256.98,35623584.0,-2.3038,235.7957,210.3797,32.103,9154548616.32,5.4438
2026-07-17,JNJ,Healthcare,257.95,259.525,246.05,253.04,45855437.0,-1.5332,237.3507,212.1745,32.0187,11603259778.48,5.4765
2019-01-04,WMT,Consumer,27.7125,28.3226,27.4045,27.9428,31465192.0,1.4217,28.563,27.2852,28.2885,879225567.0176,3.3501
2019-01-11,WMT,Consumer,27.9967,28.7503,27.8471,28.3615,36053769.0,1.4984,28.5756,27.264,28.2646,1022538969.4935,3.2431
2019-01-18,WMT,Consumer,28.2538,29.3663,28.194,29.2257,31288406.0,3.0471,28.6011,27.2385,28.4961,914425567.2342,4.1578
2019-01-25,WMT,Consumer,29.0523,29.7102,28.837,28.9895,31240787.0,-0.8082,28.5675,27.1871,28.3109,905654794.7365,3.0281
2019-02-01,WMT,Consumer,28.8669,29.0552,27.8441,28.0684,50293398.0,-3.1774,28.4082,27.14,28.4113,1411655212.4232,4.3497
2019-02-08,WMT,Consumer,28.0684,28.9536,27.9159,28.5828,30812889.0,1.8327,28.1919,27.1314,27.115,880718643.7092,3.7172
2019-02-15,WMT,Consumer,28.6037,29.9046,28.6008,29.9016,33564289.0,4.614,28.257,27.1179,24.6252,1003625943.9624,4.5588
2019-02-22,WMT,Consumer,30.6163,31.1546,29.5009,29.77,52829151.0,-0.4401,28.3713,27.1685,23.8721,1572723825.27,5.6057
2019-03-01,WMT,Consumer,29.9404,29.9434,29.0433,29.2855,47353763.0,-1.6275,28.39,27.2331,23.6778,1386778626.3365,3.0993
2019-03-08,WMT,Consumer,29.3424,29.6624,29.0075,29.1839,30285945.0,-0.3469,28.4912,27.293,21.9568,883861990.2855,2.2577
2019-03-15,WMT,Consumer,29.4766,29.8705,29.3414,29.5909,35424456.0,1.3946,28.6546,27.3581,21.6593,1048241535.0504,1.8035
2019-03-22,WMT,Consumer,29.5548,30.2133,29.4466,29.5488,30766777.0,-0.1423,28.9233,27.4437,17.8824,909121340.2176,2.6036
2019-03-29,WMT,Consumer,29.4045,29.7232,28.5626,29.3233,34319109.0,-0.7631,29.0596,27.5049,14.8959,1006349528.9397,4.0632
2019-04-05,WMT,Consumer,29.4556,29.8254,29.1009,29.7142,29149966.0,1.3331,29.1959,27.5864,14.8731,866167919.7172,2.4899
2019-04-12,WMT,Consumer,29.5999,30.6733,29.5098,30.535,24649948.0,2.7623,29.363,27.6876,15.447,752686162.18,3.9429
2019-04-18,WMT,Consumer,30.4568,31.2084,30.4447,31.022,17397702.0,1.5949,29.5012,27.7926,14.7013,539711511.444,2.5084
2019-04-26,WMT,Consumer,30.9017,31.3136,29.9637,30.5259,26897113.0,-1.5992,29.6194,27.8864,15.0816,821058581.7267,4.5053
2019-05-03,WMT,Consumer,30.6312,30.9439,30.1381,30.6913,28175182.0,0.5418,29.8212,27.982,12.9187,864732963.3166,2.6736
2019-05-10,WMT,Consumer,30.4527,30.9967,29.8784,30.8033,30054151.0,0.3649,29.992,28.1003,12.6947,925767029.4983,3.743
2019-05-17,WMT,Consumer,30.3621,31.423,29.9268,30.486,49948840.0,-1.0301,30.0369,28.2109,9.5815,1522740336.24,4.9995
2019-05-24,WMT,Consumer,30.3439,31.0996,30.3016,31.0331,32362192.0,1.7946,30.1341,28.3388,10.0107,1004299140.5552,2.6334
2019-05-31,WMT,Consumer,30.9998,31.3051,30.4074,30.6613,27739219.0,-1.1981,30.2399,28.4566,9.6784,850520515.5247,2.9523
2019-06-07,WMT,Consumer,30.7187,32.1484,30.6492,32.0577,34355817.0,4.5543,30.461,28.5934,12.635,1101368474.6409,4.8915
2019-06-14,WMT,Consumer,32.1846,33.1247,32.1514,32.9675,27718839.0,2.838,30.7207,28.7514,13.2732,913820824.7325,3.0272
2019-06-21,WMT,Consumer,32.9827,33.9106,32.7227,33.5902,31163086.0,1.8888,31.0316,28.9151,13.2367,1046774291.3572,3.6301
2019-06-28,WMT,Consumer,33.699,33.9196,32.904,33.3967,28288260.0,-0.5761,31.3449,29.0703,13.1332,944734532.742,3.0865
2019-07-05,WMT,Consumer,33.6416,33.974,33.2547,33.8471,16366019.0,1.3486,31.6629,29.2406,13.1348,553942281.6949,2.1632
2019-07-12,WMT,Consumer,33.8289,34.6904,33.7624,34.639,22358283.0,2.3396,31.9785,29.4081,12.9176,774468564.837,2.7484
2019-07-19,WMT,Consumer,34.6601,34.908,34.379,34.4274,16544226.0,-0.6109,32.2405,29.5694,13.2193,569574686.1924,1.5386
2019-07-26,WMT,Consumer,34.4879,34.5605,33.7232,34.1615,23033149.0,-0.7723,32.5202,29.7253,12.6551,786846919.5635,2.4827
2019-08-02,WMT,Consumer,34.1071,34.1494,32.6895,33.0673,26104744.0,-3.203,32.7029,29.8517,15.0775,863213401.2712,4.466
2019-08-09,WMT,Consumer,32.8035,33.0586,32.0715,32.5848,30433152.0,-1.4591,32.84,29.9625,15.6295,991658171.2896,3.0779
2019-08-16,WMT,Consumer,32.4148,34.9084,31.8437,34.3192,52118744.0,5.3227,33.1348,30.0628,17.9986,1788673599.0848,9.6242
2019-08-23,WMT,Consumer,34.7323,34.8629,33.4505,33.6631,33682787.0,-1.9118,33.3371,30.1672,18.75,1133867027.0597,4.2223
2019-08-30,WMT,Consumer,33.8848,35.0451,33.7815,34.7049,28017006.0,3.0948,33.6482,30.2863,18.8734,972327391.5294,3.7403
2019-09-06,WMT,Consumer,34.5288,35.8288,34.4711,34.8477,21896205.0,0.4115,33.8628,30.4083,17.229,763032382.9785,3.9387
2019-09-13,WMT,Consumer,34.7779,35.8986,34.7475,35.6678,26219270.0,2.3534,34.0705,30.5532,16.9903,935183678.506,3.3129
2019-09-20,WMT,Consumer,35.3975,35.7832,35.0056,35.5311,29905297.0,-0.3833,34.2198,30.688,16.8697,1062568098.2367,2.2213
2019-09-27,WMT,Consumer,35.4187,36.4059,35.4035,35.9776,25669504.0,1.2566,34.4183,30.8428,16.7809,923527147.1104,2.8312
2019-10-04,WMT,Consumer,36.0444,36.2783,34.8021,35.8895,23556469.0,-0.2449,34.5755,30.9993,16.7751,845429894.1755,4.2416
2019-10-11,WMT,Consumer,35.8713,36.6641,35.4339,36.5213,24775155.0,1.7604,34.7202,31.1594,16.5346,904820868.3015,3.4716
2019-10-18,WMT,Consumer,36.4029,36.6307,36.1052,36.1872,23682446.0,-0.9148,34.8556,31.2996,16.6285,857001409.8912,1.4554
2019-10-25,WMT,Consumer,36.2358,36.5,35.9017,36.1568,14421665.0,-0.084,35.0091,31.429,16.473,521441257.072,1.6667
2019-11-01,WMT,Consumer,36.2206,36.3573,35.4855,35.7255,19833500.0,-1.1929,35.2136,31.5365,14.956,708561704.25,2.4566
2019-11-08,WMT,Consumer,35.9624,36.7278,35.5615,36.2783,20741932.0,1.5474,35.4977,31.6304,14.3445,752482031.6756,3.2798
2019-11-15,WMT,Consumer,36.0536,38.0825,35.926,36.1052,50148244.0,-0.4771,35.6351,31.766,10.7406,1810612379.2688,6.0027
2019-11-22,WMT,Consumer,35.9776,36.7126,35.9138,36.254,23482373.0,0.4121,35.8344,31.9192,9.5068,851329950.742,2.2243
2019-11-29,WMT,Consumer,36.4484,36.4545,35.8106,36.172,18764054.0,-0.2262,35.9472,32.0563,7.8812,678733361.288,1.7981
2019-12-06,WMT,Consumer,36.3519,36.5502,35.8241,36.5441,26676981.0,1.0287,36.0777,32.2232,8.0064,974886261.3621,2.0269
2019-12-13,WMT,Consumer,36.48,36.8095,36.1627,36.6997,21964566.0,0.4258,36.1571,32.4007,6.7723,806092982.8302,1.7886
2019-12-20,WMT,Consumer,36.7394,37.258,36.5441,36.6997,27446350.0,0.0,36.247,32.6054,6.666,1007272811.095,1.9536
2019-12-27,WMT,Consumer,36.6722,36.8217,36.2908,36.4861,14480774.0,-0.582,36.2861,32.7772,6.4782,528346968.2414,1.4628
2020-01-03,WMT,Consumer,36.5501,36.5776,35.8759,35.9674,20021335.0,-1.4216,36.2921,32.9316,7.1515,720115364.479,1.9559
2020-01-10,WMT,Consumer,35.8179,36.0284,35.2931,35.5067,30780913.0,-1.2809,36.2141,33.069,6.5038,1092928643.6171,2.0833
2020-01-17,WMT,Consumer,35.5067,35.5586,34.9393,35.0735,35560568.0,-1.2201,36.1284,33.1814,6.6731,1247233581.748,1.7726
2020-01-24,WMT,Consumer,34.9606,35.5525,34.8264,34.8935,20965243.0,-0.5132,36.0312,33.295,6.6858,731550706.6205,2.085
2020-01-31,WMT,Consumer,34.5335,35.7325,34.3779,34.9301,28418243.0,0.1049,35.97,33.4269,6.4069,992652069.8143,3.9404
2020-02-07,WMT,Consumer,35.0552,35.7661,34.8111,35.5281,24301164.0,1.712,35.9123,33.5605,6.6035,863374184.7084,2.7432
2020-02-14,WMT,Consumer,35.3145,36.1749,34.9148,35.9674,30096085.0,1.2365,35.9017,33.6771,7.113,1082477927.629,3.6089
2020-02-21,WMT,Consumer,36.1443,36.5959,35.6531,36.1779,29962896.0,0.5853,35.8959,33.8004,7.1673,1083994655.1984,2.6442
2020-02-28,WMT,Consumer,35.8362,36.1413,31.8425,32.8524,47994999.0,-9.1921,35.6405,33.869,19.7381,1576750905.1476,13.5
2020-03-06,WMT,Consumer,32.8281,35.9736,32.7335,35.7661,54738453.0,8.8691,35.5807,33.9955,27.4414,1957780983.8433,9.8984
2020-03-13,WMT,Consumer,34.7257,36.8186,31.4185,34.8111,75880683.0,-2.6701,35.4354,34.0959,27.8803,2641490043.9813,17.1878
2020-03-20,WMT,Consumer,32.2409,39.253,31.2602,34.9287,93108889.0,0.3378,35.2992,34.1994,27.9061,3252172451.2143,25.5686
2020-03-27,WMT,Consumer,34.9899,36.0227,32.7465,33.5832,76521402.0,-3.8521,35.0759,34.2813,28.7963,2569833547.6464,10.0047
2020-04-03,WMT,Consumer,34.282,36.7491,34.0,36.6173,47265851.0,9.0346,35.1258,34.4141,34.4767,1730747845.8223,8.0855
2020-04-09,WMT,Consumer,36.4886,38.7657,36.0595,37.3283,49929464.0,1.9417,35.266,34.5447,34.4622,1863782011.0312,7.5047
2020-04-17,WMT,Consumer,37.1659,40.7516,37.1352,40.4911,47778713.0,8.4729,35.6827,34.7268,37.6799,1934612645.9543,9.7384
2020-04-24,WMT,Consumer,40.5739,40.8773,39.1457,39.6698,39295072.0,-2.0283,36.0501,34.9026,38.1041,1558827647.2256,4.4234
2020-05-01,WMT,Consumer,39.8414,39.9364,37.0157,37.6716,51596009.0,-5.0371,36.261,35.0369,40.0362,1943704212.6444,7.8904
2020-05-08,WMT,Consumer,38.1216,38.6296,37.4013,37.8446,34199014.0,0.4592,36.4392,35.1723,39.9805,1294248005.2244,3.284
2020-05-15,WMT,Consumer,37.8754,38.8604,37.3398,38.7681,42502807.0,2.4402,36.6546,35.3316,40.1322,1647753072.0567,4.0725
2020-05-22,WMT,Consumer,39.2483,40.6305,38.1001,38.2725,63462294.0,-1.2784,36.8158,35.4708,40.3319,2428860647.115,6.6414
2020-05-29,WMT,Consumer,38.2756,38.6358,37.2567,38.1894,36167011.0,-0.2171,37.2263,35.6156,34.4821,1381196449.8834,3.7016
2020-06-05,WMT,Consumer,37.9985,38.2971,36.9119,37.4198,41092853.0,-2.0152,37.3535,35.7187,30.7537,1537686340.6894,3.7528
2020-06-12,WMT,Consumer,36.8103,37.7338,36.0346,36.2439,47866215.0,-3.1425,37.4637,35.7817,30.9737,1734858309.8385,4.7155
2020-06-19,WMT,Consumer,36.447,37.0319,36.0192,36.8934,46035696.0,1.792,37.6148,35.8452,31.0987,1698413346.8064,2.8117
2020-06-26,WMT,Consumer,37.2383,37.817,36.3302,36.4225,38372699.0,-1.2764,37.8333,35.9034,29.9398,1397629629.3275,4.0925
2020-07-02,WMT,Consumer,36.4778,37.2105,36.3901,36.6964,24810898.0,0.752,37.8393,35.9582,23.9327,910470637.3672,2.2544
2020-07-10,WMT,Consumer,36.878,40.4396,36.3916,40.2272,84624397.0,9.6217,38.0623,36.0656,30.5536,3404202542.9984,11.1233
2020-07-17,WMT,Consumer,40.4273,41.2892,39.6762,40.5535,45410280.0,0.8111,38.0671,36.1835,25.4823,1841545789.98,4.0655
2020-07-24,WMT,Consumer,40.6212,41.2461,40.1749,40.3996,28680225.0,-0.3795,38.1233,36.3034,25.1052,1158669617.91,2.6665
2020-07-31,WMT,Consumer,40.2826,40.7505,39.2853,39.8332,26035336.0,-1.402,38.2895,36.4335,22.7663,1037070745.9552,3.7298
2020-08-07,WMT,Consumer,39.9902,40.5443,39.4858,40.0087,29920513.0,0.4406,38.456,36.5763,22.7664,1197080828.4631,2.6808
2020-08-14,WMT,Consumer,40.2559,41.0998,39.8974,40.9854,34044352.0,2.4412,38.6266,36.7045,22.7668,1395321384.4608,3.0136
2020-08-21,WMT,Consumer,41.5263,42.5409,40.1972,40.6856,69408599.0,-0.7315,38.8122,36.8395,22.6102,2823930495.4744,5.8303
2020-08-28,WMT,Consumer,40.8772,43.6034,40.0798,43.3654,81140147.0,6.5866,39.2104,37.0061,25.5581,3518674930.7138,8.7915
2020-09-04,WMT,Consumer,42.4938,46.7747,41.891,44.1474,95341338.0,1.8033,39.7279,37.1849,24.7081,4209072185.2212,11.6579
2020-09-11,WMT,Consumer,43.7085,44.0794,41.8972,42.2527,43408279.0,-4.2918,40.1901,37.3116,25.6971,1834116990.1033,5.2084
2020-09-18,WMT,Consumer,42.0796,43.6127,41.65,41.8169,65331296.0,-1.0314,40.5688,37.4324,26.054,2731952271.7024,4.7124
2020-09-25,WMT,Consumer,42.1909,43.0378,41.7489,42.4289,51860917.0,1.4635,41.0308,37.5565,25.5764,2200401661.3013,3.0873
2020-10-02,WMT,Consumer,42.3949,44.6265,42.1569,43.4273,50540691.0,2.3531,41.5486,37.7015,25.6452,2194845750.2643,5.8581
2020-10-09,WMT,Consumer,43.6715,44.3051,43.35,44.132,27285144.0,1.6227,41.849,37.8478,18.4636,1204147975.008,2.2032
2020-10-16,WMT,Consumer,44.2061,45.3142,44.1497,44.7285,30857523.0,1.3516,42.1701,38.0121,18.5035,1380210717.5055,2.6377
2020-10-23,WMT,Consumer,44.8491,45.0425,44.1042,44.4627,22060775.0,-0.5943,42.4827,38.1718,18.5671,980881620.5925,2.1276
2020-10-30,WMT,Consumer,44.1506,44.4164,42.4599,42.8864,26184776.0,-3.5452,42.7175,38.3095,20.0862,1122970777.4464,4.608
2020-11-06,WMT,Consumer,43.4551,45.1953,42.9729,45.0562,26772509.0,5.0594,43.1058,38.4783,21.959,1206267520.0058,5.1715
2020-11-13,WMT,Consumer,45.7454,46.6526,44.3483,46.5305,32530744.0,3.2721,43.5323,38.6788,22.2626,1513671783.692,5.1958
2020-11-20,WMT,Consumer,46.5274,47.4145,46.07,46.4378,47587362.0,-0.1992,43.9748,38.8747,22.1055,2209852399.0836,2.9185
2020-11-27,WMT,Consumer,46.478,47.2044,46.1689,46.8582,20170933.0,0.9053,44.2435,39.0802,18.5987,945173612.7006,2.2428
2020-12-04,WMT,Consumer,46.8582,47.4948,45.6156,46.0267,41615437.0,-1.7745,44.3881,39.2625,18.9917,1915421234.1679,4.1196
2020-12-11,WMT,Consumer,46.0561,46.5339,45.2744,45.6032,32282803.0,-0.9201,44.6458,39.4337,16.4447,1472199121.7696,2.782
2020-12-18,WMT,Consumer,45.8204,45.8266,44.9394,45.2775,51565701.0,-0.7142,44.912,39.5987,16.319,2334766027.0275,1.9743
2020-12-24,WMT,Consumer,45.1379,45.5008,44.1451,44.5174,30900032.0,-1.6788,45.0726,39.7531,16.8314,1375589084.5568,3.071
2020-12-31,WMT,Consumer,44.685,45.2449,44.3158,44.7191,24551734.0,0.4531,45.172,39.9214,16.294,1097931447.9194,2.0966
2021-01-08,WMT,Consumer,44.7656,45.9444,44.7594,45.4884,41871740.0,1.7203,45.2764,40.1134,16.3308,1904678457.816,2.6476
2021-01-15,WMT,Consumer,45.293,46.5122,44.5705,44.8711,41545163.0,-1.357,45.2873,40.3018,16.4419,1864177163.4893,4.3565
2021-01-22,WMT,Consumer,44.8711,45.7087,44.26,45.3954,27156127.0,1.1685,45.3591,40.5038,16.5212,1232763247.6158,3.2733
2021-01-29,WMT,Consumer,45.0944,45.87,43.5402,43.5836,39594576.0,-3.9912,45.4127,40.6702,16.9752,1725674162.5536,5.3509
2021-02-05,WMT,Consumer,43.7139,44.9362,43.1803,44.7842,35154457.0,2.7547,45.3918,40.8482,14.5373,1574364233.1794,4.0664
2021-02-12,WMT,Consumer,44.9238,45.3922,44.5294,44.8183,25443476.0,0.0761,45.2601,41.0184,12.6802,1140333340.4108,1.9376
2021-02-19,WMT,Consumer,45.2744,45.7584,42.6561,42.9167,62198714.0,-4.2429,44.9892,41.148,14.9528,2669363549.1238,7.2727
2021-02-26,WMT,Consumer,42.7306,42.9167,40.286,40.3046,61755751.0,-6.0864,44.4851,41.2913,18.1339,2489040841.7546,6.5301
2021-03-05,WMT,Consumer,40.8196,41.1825,39.1754,40.0564,61708009.0,-0.6158,44.0258,41.3738,18.1014,2471800691.7076,5.1235
2021-03-12,WMT,Consumer,40.1215,41.7316,39.65,41.6075,60611203.0,3.8723,43.7185,41.5045,20.5969,2521880628.8225,5.25
2021-03-19,WMT,Consumer,41.9767,41.9798,40.4689,41.0421,52218030.0,-1.3589,43.3927,41.6221,20.644,2143137609.063,3.7336
2021-03-26,WMT,Consumer,40.8115,42.12,40.8084,42.0982,44711858.0,2.5732,43.2066,41.7858,21.5163,1882288740.4556,3.214
2021-04-01,WMT,Consumer,42.0576,42.8645,41.933,42.2508,35839293.0,0.3625,43.0167,41.8942,21.5017,1514238800.6844,2.2214
2021-04-09,WMT,Consumer,42.5935,43.9643,42.4315,43.5468,43740458.0,3.0674,42.8674,42.0138,22.2321,1904756976.4344,3.6123
2021-04-16,WMT,Consumer,43.6372,43.9144,43.1231,43.8054,35414774.0,0.5938,42.7854,42.0775,22.1689,1551358340.9796,1.835
2021-04-23,WMT,Consumer,43.7057,44.1668,43.2477,43.5842,34585716.0,-0.505,42.6461,42.1528,21.9927,1507390763.2872,2.1251
2021-04-30,WMT,Consumer,43.5873,43.6153,42.8521,43.5873,30853413.0,0.0071,42.6463,42.2665,20.461,1344816968.4549,1.7812
2021-05-07,WMT,Consumer,43.6854,44.6424,43.5728,43.848,32609834.0,0.5981,42.5743,42.382,19.6592,1429876001.232,2.4548
2021-05-14,WMT,Consumer,43.9262,44.4359,42.4593,43.6353,38780716.0,-0.4851,42.4833,42.4756,19.6661,1692208176.8748,4.6553
2021-05-21,WMT,Consumer,43.7855,45.2179,43.4008,44.3328,55400800.0,1.5985,42.5923,42.5921,17.8069,2456072586.24,4.1868
2021-05-28,WMT,Consumer,44.3359,44.9363,44.1201,44.4203,45837321.0,0.1974,42.9089,42.7119,11.3311,2036107550.0163,1.8501
2021-06-04,WMT,Consumer,44.4766,44.6611,43.8136,44.364,25358631.0,-0.1267,43.2402,42.8455,11.1135,1125010305.684,1.9345
2021-06-11,WMT,Consumer,44.364,44.4016,43.4821,44.02,31815894.0,-0.7754,43.4258,42.995,9.2815,1400535653.88,2.1147
2021-06-18,WMT,Consumer,44.0763,44.0763,42.034,42.2748,42424940.0,-3.9646,43.5206,43.0985,12.4086,1793505853.512,4.8586
2021-06-25,WMT,Consumer,42.4281,43.4289,42.3311,43.3257,37119083.0,2.4859,43.615,43.2313,12.3386,1608210254.3331,2.5933
2021-07-02,WMT,Consumer,43.1724,44.5923,42.722,43.8198,49886277.0,1.1404,43.7357,43.3683,12.4708,2186006680.8846,4.3777
2021-07-09,WMT,Consumer,43.7542,44.1577,43.2291,43.8793,26779687.0,0.1358,43.7613,43.4385,10.9295,1175073919.7791,2.1481
2021-07-16,WMT,Consumer,44.0012,44.6111,43.5759,44.2733,31114932.0,0.8979,43.7973,43.51,11.0093,1377560718.9156,2.3757
2021-07-23,WMT,Consumer,44.2264,44.7174,43.7135,44.5454,31318720.0,0.6146,43.8712,43.5898,10.9736,1395104909.888,2.2966
2021-07-30,WMT,Consumer,44.5236,44.9927,44.1608,44.583,25075435.0,0.0844,43.9478,43.6811,10.9695,1117938118.605,1.8839
2021-08-06,WMT,Consumer,44.6705,45.8089,44.3077,45.4211,33481531.0,1.8799,44.0688,43.7852,11.4671,1520767967.7041,3.3882
2021-08-13,WMT,Consumer,45.8022,47.582,45.6421,46.9385,43235004.0,3.3407,44.3229,43.8997,12.8282,2029386235.254,4.2503
2021-08-20,WMT,Consumer,46.9856,47.8928,46.4582,47.5412,56373208.0,1.284,44.5697,44.0315,12.7349,2680049956.1696,3.0878
2021-08-27,WMT,Consumer,47.5664,47.647,45.887,45.9937,34490460.0,-3.2551,44.6908,44.082,14.8495,1586343870.102,3.8357
2021-09-03,WMT,Consumer,45.9622,46.9753,45.8367,46.8506,32603922.0,1.8631,44.882,44.134,15.1392,1527513308.0532,2.4841
2021-09-10,WMT,Consumer,46.7627,46.8255,45.6499,45.7959,27656037.0,-2.2512,45.0186,44.2022,15.9206,1266533104.8483,2.5752
2021-09-17,WMT,Consumer,45.9937,46.1915,45.1054,45.4318,47460130.0,-0.795,45.2615,44.2717,13.2571,2156199134.134,2.4079
2021-09-24,WMT,Consumer,45.0457,45.5746,44.4555,44.9421,28827480.0,-1.0779,45.3858,44.32,12.9389,1295567488.908,2.5173
2021-10-01,WMT,Consumer,44.8479,45.0614,42.6663,43.021,38564053.0,-4.2746,45.3244,44.3122,15.6565,1659064124.113,5.6135
2021-10-08,WMT,Consumer,43.0336,44.1668,42.2849,43.8403,34953247.0,1.9044,45.3214,44.3066,16.1726,1532360834.4541,4.4505
2021-10-15,WMT,Consumer,43.7963,44.2907,43.3599,44.1196,29103618.0,0.6371,45.3096,44.2949,16.1193,1284039984.7128,2.1465
2021-10-22,WMT,Consumer,43.947,46.9888,43.8936,46.565,35311636.0,5.5427,45.4649,44.3353,19.5799,1644286330.34,7.0514
2021-10-29,WMT,Consumer,46.7031,47.2587,46.2668,46.904,28631191.0,0.728,45.6434,44.4126,19.5808,1342917382.664,2.144
2021-11-05,WMT,Consumer,47.0798,47.7139,46.7816,47.1583,23403552.0,0.5422,45.7771,44.453,19.3313,1103671726.2816,1.9929
2021-11-12,WMT,Consumer,47.1551,47.2461,46.3138,46.3829,26192047.0,-1.6442,45.7343,44.4502,18.5118,1214863096.7963,2.013
2021-11-19,WMT,Consumer,46.5053,46.5995,44.2169,44.6972,62849509.0,-3.6343,45.5156,44.4167,19.5475,2809197073.6748,5.3883
2021-11-26,WMT,Consumer,44.7819,46.4205,44.5748,45.4851,32732254.0,1.7628,45.4764,44.3903,18.9837,1488829846.4154,4.1408
2021-12-03,WMT,Consumer,45.5166,45.595,42.4528,43.1654,72831323.0,-5.0999,45.193,44.3353,20.9439,3143793189.8242,7.4017
2021-12-10,WMT,Consumer,43.3525,44.5312,42.7695,44.4461,58583994.0,2.967,45.0891,44.313,21.7349,2603830055.7234,4.1191
2021-12-17,WMT,Consumer,44.1972,46.1782,43.6141,43.7276,84010618.0,-1.6166,44.958,44.2832,21.8958,3673582699.6568,5.879
2021-12-23,WMT,Consumer,43.529,44.172,43.3652,43.9608,30086271.0,0.5333,44.8826,44.2725,21.8693,1322616542.1768,1.8605
2021-12-31,WMT,Consumer,43.9955,45.7115,43.986,45.5996,25787205.0,3.7279,45.0809,44.2894,21.137,1175886233.118,3.9228
2022-01-07,WMT,Consumer,45.3821,45.9967,44.6762,45.6626,43870051.0,0.1382,45.2211,44.2928,20.9183,2003220590.7926,2.9557
2022-01-14,WMT,Consumer,45.836,46.211,45.067,45.7162,37598007.0,0.1174,45.3439,44.309,20.9135,1718838007.6134,2.5385
2022-01-21,WMT,Consumer,45.5113,45.6941,44.1404,44.1814,30185012.0,-3.3572,45.1606,44.2857,18.7298,1333616089.1768,3.5199
2022-01-28,WMT,Consumer,43.8284,44.2894,42.2148,43.3399,45764040.0,-1.9046,44.8864,44.281,18.7997,1983408917.196,4.9144
2022-02-04,WMT,Consumer,43.2045,44.7487,43.0815,43.9104,33814692.0,1.3163,44.6366,44.2642,19.0609,1484816651.5968,3.8698
2022-02-11,WMT,Consumer,44.1405,44.1436,42.2826,42.6498,37495670.0,-2.8708,44.3494,44.2225,19.528,1599182826.366,4.4013
2022-02-18,WMT,Consumer,42.6498,43.9923,41.8209,43.4881,54879210.0,1.9655,44.2564,44.2335,18.9728,2386592572.401,5.1921
2022-02-25,WMT,Consumer,43.4188,43.5669,41.6035,42.9807,34354502.0,-1.1668,44.0637,44.2849,18.5743,1476580544.1114,4.7193
2022-03-04,WMT,Consumer,42.5458,45.0481,42.1582,45.0103,46547283.0,4.7221,44.2057,44.3802,18.1975,2095107172.0149,6.855
2022-03-11,WMT,Consumer,44.5312,45.3979,43.5353,44.7739,47657864.0,-0.5252,44.2309,44.4411,17.3429,2133828436.9496,4.2783
2022-03-18,WMT,Consumer,44.931,46.4876,44.9215,46.013,39804032.0,2.7675,44.4067,44.5367,17.6941,1831502924.416,3.4862
2022-03-25,WMT,Consumer,46.0098,46.5983,44.7728,45.3834,29389673.0,-1.3683,44.5161,44.5999,18.0466,1333803285.6282,4.0772
2022-04-01,WMT,Consumer,45.3993,47.8575,45.336,47.7752,37711777.0,5.2702,44.6835,44.7061,19.5286,1801687688.5304,5.5618
2022-04-08,WMT,Consumer,47.7435,50.1163,47.4809,49.7999,40742466.0,4.238,45.0017,44.8264,20.9656,2028970732.5534,5.5504
2022-04-14,WMT,Consumer,49.6607,50.0783,48.2623,49.6955,34373010.0,-0.2096,45.3078,44.9396,21.0157,1708183918.455,3.7627
2022-04-22,WMT,Consumer,49.5911,50.8629,49.1039,49.6259,29806186.0,-0.1401,45.7266,45.0558,19.2461,1479158805.8174,3.5822
2022-04-29,WMT,Consumer,49.4709,50.0277,48.313,48.4016,30309855.0,-2.4671,46.116,45.1484,19.6341,1467045477.768,3.5492
2022-05-06,WMT,Consumer,49.2046,49.2141,47.0803,47.4899,38423047.0,-1.8836,46.3913,45.2184,20.3605,1824706659.7253,4.5323
2022-05-13,WMT,Consumer,47.1438,48.6139,46.4039,47.0104,42051273.0,-1.0097,46.7268,45.2834,19.2811,1976847164.2392,4.7626
2022-05-20,WMT,Consumer,47.4328,47.5445,37.2369,37.8497,126335563.0,-19.4865,46.293,45.1587,44.6416,4781763158.8811,27.6812
2022-05-27,WMT,Consumer,38.0782,40.8408,38.0592,40.7963,52961689.0,7.785,46.125,45.089,47.8548,2160640952.9507,7.3085
2022-06-03,WMT,Consumer,40.4724,41.2472,39.4785,39.7929,35654742.0,-2.4595,45.7237,45.0011,46.8127,1418805582.9318,4.48
2022-06-10,WMT,Consumer,39.9517,40.1041,37.8941,38.6435,45073021.0,-2.8885,45.2521,44.8977,47.0061,1741779287.0135,5.8321
2022-06-17,WMT,Consumer,38.0211,38.6625,37.4378,37.5607,46633956.0,-2.802,44.6019,44.807,46.4334,1751604031.1292,3.2714
2022-06-24,WMT,Consumer,37.5639,39.7898,37.5385,39.2849,31349521.0,4.5904,44.1328,44.7293,47.9232,1231562797.5329,5.9973
2022-07-01,WMT,Consumer,39.304,39.8723,38.0688,38.9388,30343150.0,-0.881,43.4531,44.6355,46.0437,1181525849.22,4.7377
2022-07-08,WMT,Consumer,38.8055,40.2026,38.615,39.8184,23919397.0,2.2589,42.6853,44.5574,45.1637,952432117.5048,4.1115
2022-07-15,WMT,Consumer,39.6977,41.3647,39.3452,40.9837,26681635.0,2.9265,42.0151,44.4941,45.9823,1093512124.3495,5.1328
2022-07-22,WMT,Consumer,40.8503,42.3554,40.7265,41.9807,27394920.0,2.4327,41.427,44.4448,46.5397,1150057918.044,3.9997
2022-07-29,WMT,Consumer,42.0379,42.1362,38.1227,41.9299,73830192.0,-0.121,40.9292,44.3938,46.4706,3095692567.5408,10.5279
2022-08-05,WMT,Consumer,41.6155,42.6221,39.7294,40.193,53935755.0,-4.1424,40.3679,44.2932,46.898,2167839800.715,7.281
2022-08-12,WMT,Consumer,40.3887,42.3627,40.376,42.165,37746234.0,4.9063,39.9952,44.2014,48.3949,1591569956.61,4.9206
2022-08-19,WMT,Consumer,41.9768,45.5134,41.8897,43.6957,67399248.0,3.6303,40.4449,44.1275,26.4013,2945057320.8336,8.6507
2022-08-26,WMT,Consumer,43.4342,43.6351,41.9402,41.9673,30711764.0,-3.9555,40.535,44.05,23.9897,1288889813.3172,4.0414
2022-09-02,WMT,Consumer,41.7218,43.2653,41.6452,42.4138,31293169.0,1.0639,40.7366,43.9647,23.2776,1327262211.3322,3.89
2022-09-09,WMT,Consumer,42.4297,43.8488,41.6866,43.6383,23979612.0,2.887,41.1208,43.9232,22.4426,1046429502.3396,5.1867
2022-09-16,WMT,Consumer,43.7148,44.0876,41.8652,42.4743,37990088.0,-2.6674,41.4988,43.8663,22.3456,1613602394.7384,5.3085
2022-09-23,WMT,Consumer,42.3564,43.8329,41.0648,41.4762,33133330.0,-2.3499,41.6673,43.7997,21.8106,1374244621.746,6.7407
2022-09-30,WMT,Consumer,41.0584,42.7709,40.9054,41.3614,30557576.0,-0.2768,41.8537,43.7678,21.6827,1263904123.9664,4.5607
2022-10-07,WMT,Consumer,41.5336,43.1153,40.8415,40.9978,26514608.0,-0.8791,41.9444,43.7131,21.4915,1087040595.8624,5.5673
2022-10-14,WMT,Consumer,41.3072,42.978,40.9091,41.5942,28941143.0,1.4547,41.9914,43.6646,20.8952,1203783690.1706,5.0573
2022-10-21,WMT,Consumer,41.7632,43.8201,41.6436,43.6256,25627890.0,4.8839,42.1179,43.608,22.5628,1118032077.984,5.2265
2022-10-28,WMT,Consumer,43.8329,45.5709,43.7308,45.4465,28290703.0,4.1739,42.3884,43.58,23.7837,1285713433.8895,4.2077
2022-11-04,WMT,Consumer,45.3923,45.7829,44.2618,44.9554,26186929.0,-1.0806,42.7547,43.5376,21.8043,1177243867.9666,3.4367
2022-11-11,WMT,Consumer,45.0479,45.9456,44.3941,45.4688,27315440.0,1.142,43.0089,43.5201,20.0408,1242000278.272,3.4947
2022-11-18,WMT,Consumer,45.169,47.9212,44.0944,47.9084,63484160.0,5.3654,43.3329,43.5818,21.4239,3041424530.944,8.6787
2022-11-25,WMT,Consumer,48.0296,48.9082,47.8957,48.8141,21251238.0,1.8905,43.8596,43.6458,18.9006,1037360056.8558,2.114
2022-12-02,WMT,Consumer,48.7024,49.3147,48.0678,48.8619,35441790.0,0.0979,44.3556,43.7554,19.0292,1731753198.801,2.594
2022-12-09,WMT,Consumer,48.8953,48.9754,46.485,46.5138,34408728.0,-4.8056,44.5768,43.7951,21.9415,1600480692.4464,5.3574
2022-12-16,WMT,Consumer,46.7027,48.0792,45.6368,45.6944,40345605.0,-1.7616,44.8245,43.833,21.4377,1843568213.112,5.3518
2022-12-23,WMT,Consumer,45.7776,46.7155,45.367,46.0209,22812393.0,0.7145,45.1741,43.8726,20.4617,1049846857.0137,2.9724
2022-12-30,WMT,Consumer,46.1073,46.2386,45.0734,45.3871,15323196.0,-1.3772,45.4838,43.8685,20.8369,695475429.1716,2.585
2023-01-06,WMT,Consumer,45.6304,47.2309,45.4767,46.9844,21698274.0,3.5193,45.9443,43.8939,21.1957,1019480384.9256,3.8573
2023-01-13,WMT,Consumer,46.8371,47.3301,46.008,46.5074,23578280.0,-1.0152,46.3222,43.9091,21.5854,1096564499.272,2.8734
2023-01-20,WMT,Consumer,46.5075,46.6419,44.2284,44.987,28227313.0,-3.2692,46.4269,43.9246,21.2268,1269862129.931,5.457
2023-01-27,WMT,Consumer,44.9613,46.9107,44.8781,45.8704,24514197.0,1.9637,46.4595,43.9733,19.8861,1124476022.0688,4.5292
2023-02-03,WMT,Consumer,45.4927,46.6099,45.0894,45.3615,25937464.0,-1.1094,46.4908,44.0012,19.8937,1176562273.236,3.3721
2023-02-10,WMT,Consumer,45.3967,46.0753,44.3948,46.0049,24518071.0,1.4184,46.532,44.0657,19.9637,1127951404.5479,3.7854
2023-02-17,WMT,Consumer,46.3218,47.0967,46.1522,46.8756,28536275.0,1.8926,46.4526,44.1309,17.0024,1337655012.39,2.0465
2023-02-24,WMT,Consumer,45.736,47.4838,44.6637,45.6048,42294214.0,-2.711,46.2057,44.1813,17.1095,1928819170.6272,6.3141
2023-03-03,WMT,Consumer,45.6816,45.8032,44.6125,45.0286,26852941.0,-1.2635,45.9108,44.1817,17.1215,1209150339.1126,2.6691
2023-03-10,WMT,Consumer,44.9742,45.3519,43.5625,43.8442,29559948.0,-2.6303,45.7055,44.1638,15.2576,1296032272.1016,4.1076
2023-03-17,WMT,Consumer,43.9317,44.9378,43.8996,44.806,52937321.0,2.1937,45.6371,44.1406,15.806,2371909604.726,2.3649
2023-03-24,WMT,Consumer,45.031,45.7928,44.8253,45.5774,38762456.0,1.7216,45.603,44.1443,16.1631,1766691962.0944,2.1583
2023-03-31,WMT,Consumer,45.8956,47.7116,45.8924,47.3934,38340915.0,3.9844,45.7574,44.137,17.7376,1817106320.961,3.9641
2023-04-06,WMT,Consumer,47.4834,48.5466,47.2552,48.4702,27437537.0,2.272,45.8716,44.1114,16.9324,1329902905.8974,2.7327
2023-04-14,WMT,Consumer,48.3288,48.573,47.6168,47.7245,22612478.0,-1.5385,45.9653,44.0735,17.135,1079169206.311,2.0082
2023-04-21,WMT,Consumer,47.7759,48.9523,47.7309,48.7691,26789881.0,2.1888,46.2562,44.057,15.7317,1306518385.4771,2.5589
2023-04-28,WMT,Consumer,48.7627,49.4183,48.2709,48.5248,23422158.0,-0.5009,46.4604,44.0594,15.6081,1136555532.5184,2.3771
2023-05-05,WMT,Consumer,48.7312,49.2151,48.2214,48.9667,21213968.0,0.9107,46.7377,44.0878,15.2493,1038778006.8656,2.0608
2023-05-12,WMT,Consumer,48.8055,49.7992,48.7377,49.3862,24670054.0,0.8567,46.9978,44.1335,15.1615,1218360220.8548,2.1779
2023-05-19,WMT,Consumer,49.5249,49.7798,47.9794,48.3666,44334218.0,-2.0645,47.1125,44.3357,15.7181,2144295388.3188,3.7523
2023-05-26,WMT,Consumer,48.2989,48.4215,46.8115,47.2406,29985258.0,-2.3281,47.2383,44.4596,15.42,1416521579.0748,3.4392
2023-06-02,WMT,Consumer,47.202,48.0779,46.7857,48.015,27795051.0,1.6393,47.4681,44.6178,15.2426,1334579373.765,2.7619
2023-06-09,WMT,Consumer,48.1924,49.5959,47.9149,49.3926,29768811.0,2.8691,47.8949,44.8245,14.2605,1470358974.1986,3.5082
2023-06-16,WMT,Consumer,49.5024,51.051,49.4169,50.1799,34797924.0,1.594,48.3082,45.0672,14.0812,1746156346.5276,3.3069
2023-06-23,WMT,Consumer,49.9121,50.4251,49.4798,50.1573,23847298.0,-0.045,48.6605,45.2762,14.0738,1196116079.9754,1.9105
2023-06-30,WMT,Consumer,50.2186,50.8251,49.4087,50.7122,28564406.0,1.1063,48.9158,45.5027,12.2758,1448563869.9532,2.8667
2023-07-07,WMT,Consumer,50.5929,51.3382,49.5088,49.5217,20145213.0,-2.3476,48.9967,45.6893,12.9046,997625194.6221,3.695
2023-07-14,WMT,Consumer,49.8669,50.296,49.5508,49.8992,21075994.0,0.7623,49.164,45.8607,12.3869,1051675239.8048,1.5041
2023-07-21,WMT,Consumer,49.8152,51.2284,49.6055,51.0961,22632351.0,2.3986,49.343,46.036,12.5277,1156424869.9311,3.2715
2023-07-28,WMT,Consumer,51.1219,51.9253,50.8348,51.593,22533348.0,0.9725,49.579,46.2218,12.4284,1162563023.364,2.1452
2023-08-04,WMT,Consumer,51.6092,51.8286,50.9639,51.0865,21648894.0,-0.9817,49.7421,46.4313,12.7213,1105966223.331,1.6966
2023-08-11,WMT,Consumer,51.6438,52.4856,51.5175,52.1942,22620678.0,2.1683,49.9581,46.6242,13.2127,1180668191.6676,1.8792
2023-08-18,WMT,Consumer,52.4532,52.7058,50.1932,51.1354,47974380.0,-2.0286,50.1711,46.7673,13.1833,2453189111.052,5.0058
2023-08-25,WMT,Consumer,51.0383,51.5563,50.5882,51.0998,24287542.0,-0.0696,50.4679,46.9429,11.8294,1241088538.6916,1.9137
2023-09-01,WMT,Consumer,51.1128,52.7738,51.1128,52.314,22559117.0,2.3761,50.7986,47.1333,12.1912,1180157646.738,3.2497
2023-09-08,WMT,Consumer,52.4046,53.0554,51.7765,53.0263,20531257.0,1.3616,51.0781,47.3138,11.36,1088696593.0591,2.4701
2023-09-15,WMT,Consumer,53.1008,53.6997,52.9907,53.308,38960844.0,0.5312,51.3187,47.5222,11.1371,2076924671.952,1.3381
2023-09-22,WMT,Consumer,53.321,53.4894,52.3853,52.5666,23049077.0,-1.3908,51.5041,47.7354,11.7205,1211611611.0282,2.1077
2023-09-29,WMT,Consumer,52.573,52.9527,51.5418,51.783,23688631.0,-1.4907,51.5864,47.9358,12.1598,1226668379.073,2.7375
2023-10-06,WMT,Consumer,51.6406,52.1457,49.1021,50.6433,32295875.0,-2.2009,51.6727,48.1213,12.0309,1635569686.3875,6.1985
2023-10-13,WMT,Consumer,50.2126,51.9546,49.6233,51.7506,25463107.0,2.1865,51.8151,48.3167,12.6482,1317731065.1142,4.6979
2023-10-20,WMT,Consumer,51.9805,52.5698,51.388,51.4042,20868082.0,-0.6694,51.8388,48.4662,11.9033,1072707060.7444,2.2998
2023-10-27,WMT,Consumer,51.3945,53.2077,51.1646,52.1845,27101413.0,1.518,51.8843,48.5958,12.1325,1414273686.6985,3.9932
2023-11-03,WMT,Consumer,52.2784,53.8439,52.0598,53.3145,24817937.0,2.1654,52.0557,48.7566,12.5415,1323155902.1865,3.4269
2023-11-10,WMT,Consumer,53.2627,53.9459,52.8564,53.8099,24848808.0,0.9292,52.18,48.917,11.9929,1337111873.5992,2.0613
2023-11-17,WMT,Consumer,53.8715,55.0241,50.19,50.3001,70387767.0,-6.5226,52.1158,48.963,17.6993,3540511718.8767,9.6316
2023-11-24,WMT,Consumer,50.3615,50.7857,49.905,50.5299,32164910.0,0.4569,52.0719,48.996,17.7342,1625289685.809,1.7647
2023-12-01,WMT,Consumer,50.4943,51.4572,49.4193,49.973,48674871.0,-1.1021,51.8918,49.0173,17.0156,2432429328.483,4.1236
2023-12-08,WMT,Consumer,49.8284,50.6506,48.8274,49.0289,44181458.0,-1.8892,51.5843,49.0657,16.8605,2166168286.1362,3.734
2023-12-15,WMT,Consumer,49.1199,50.0656,48.5999,49.6399,63169601.0,1.2462,51.3022,49.1416,17.1225,3135732676.6799,3.0159
2023-12-22,WMT,Consumer,49.8381,51.0731,49.7666,50.9106,37313920.0,2.5598,51.1748,49.2356,18.05,1899674055.552,2.6252
2023-12-29,WMT,Consumer,50.9106,51.4566,50.7351,51.2356,23094872.0,0.6384,51.1327,49.3481,17.9003,1183279623.8432,1.4221
2024-01-05,WMT,Consumer,51.1056,52.0968,50.5694,50.9301,27748122.0,-0.5963,51.1548,49.424,17.3449,1413214628.2722,3.0206
2024-01-12,WMT,Consumer,50.9268,52.6135,50.9187,52.4283,30703156.0,2.9417,51.2069,49.5378,17.8037,1609714273.7148,3.3285
2024-01-19,WMT,Consumer,52.4673,53.1595,52.2041,52.7728,23075386.0,0.6571,51.3122,49.6875,17.7436,1217752730.3008,1.8303
2024-01-26,WMT,Consumer,52.9061,53.4228,52.1034,53.3871,26399315.0,1.164,51.4047,49.8321,17.6462,1409382869.8365,2.5324
2024-02-02,WMT,Consumer,53.4131,55.4362,53.1434,55.1096,34036146.0,3.2264,51.5428,50.0196,18.2737,1875718391.6016,4.3145
2024-02-09,WMT,Consumer,55.2525,55.4638,54.6221,55.0153,26391704.0,-0.1711,51.6355,50.1928,18.2382,1451947513.0712,1.541
2024-02-16,WMT,Consumer,54.9991,55.8765,54.4498,55.3663,30392085.0,0.638,52.0252,50.3561,10.9768,1682697295.7355,2.6203
2024-02-23,WMT,Consumer,58.0053,58.938,56.1593,57.0563,72072949.0,3.0524,52.5272,50.5763,11.8663,4112215800.0287,4.9479
2024-03-01,WMT,Consumer,57.6413,58.3433,56.7248,57.2903,113160757.0,0.4101,53.0901,50.8121,11.0926,6483013716.7571,2.8532
2024-03-08,WMT,Consumer,57.0368,59.5424,56.9393,58.6163,76747844.0,2.3145,53.8276,51.0962,9.2742,4498674648.2572,4.5717
2024-03-15,WMT,Consumer,58.796,60.2292,58.571,59.3634,112515088.0,1.2746,54.5755,51.3762,9.2725,6679278174.9792,2.8311
2024-03-22,WMT,Consumer,59.3732,60.3173,59.0797,59.5493,69458187.0,0.3132,55.2401,51.6449,9.1351,4136186415.1191,2.0947
2024-03-28,WMT,Consumer,59.5493,59.7254,58.8547,58.8645,59823479.0,-1.15,55.8269,51.8655,10.2597,3521479179.5955,1.4794
2024-04-05,WMT,Consumer,59.0014,59.4417,57.6024,58.5514,71845920.0,-0.5319,56.4131,52.0593,10.2148,4206679200.288,3.1929
2024-04-12,WMT,Consumer,58.3068,59.5688,58.0133,58.8351,59302037.0,0.4845,56.906,52.273,9.4345,3489041277.0987,2.6813
2024-04-19,WMT,Consumer,59.1971,59.383,57.6906,58.2384,66840469.0,-1.0142,57.3264,52.4551,10.1824,3892681969.8096,2.9337
2024-04-26,WMT,Consumer,58.2677,59.2167,57.2845,58.8547,81711244.0,1.0582,57.747,52.6538,10.1668,4809090752.2468,3.3729
2024-05-03,WMT,Consumer,58.8743,59.0797,57.309,58.5221,71250217.0,-0.5651,58.0095,52.8375,8.9377,4169712324.2957,3.0898
2024-05-10,WMT,Consumer,58.8997,59.7292,58.3009,59.3709,63562412.0,1.4504,58.3445,53.0295,9.0215,3773757606.6108,2.4499
2024-05-17,WMT,Consumer,59.5083,63.6902,58.345,63.4644,150157213.0,6.8948,58.9675,53.3199,15.5019,9529637428.7172,9.1613
2024-05-24,WMT,Consumer,63.2386,64.4853,62.6987,64.181,75030486.0,1.1291,59.5155,53.6456,14.9052,4815531621.966,2.8495
2024-05-31,WMT,Consumer,64.024,64.6915,62.9834,64.5541,65573875.0,0.5813,60.0743,53.9637,14.8834,4233062484.1375,2.712
2024-06-07,WMT,Consumer,64.3087,66.326,63.9654,64.6719,74811347.0,0.1825,60.5401,54.2575,14.6399,4838191952.0493,3.6904
2024-06-14,WMT,Consumer,65.9579,66.0953,64.6896,65.791,70526383.0,1.7304,61.0345,54.5577,14.7351,4640001263.953,2.1731
2024-06-21,WMT,Consumer,65.6928,67.2929,65.1946,66.6646,63948882.0,1.3278,61.5819,54.8752,14.7258,4263126638.9772,3.2185
2024-06-28,WMT,Consumer,66.8021,67.7739,65.3296,66.4683,79267915.0,-0.2945,62.1668,55.1782,14.3055,5268803554.5945,3.7415
2024-07-05,WMT,Consumer,66.645,68.8636,66.0168,68.7556,45976153.0,3.4412,62.9517,55.5481,14.7153,3161117985.2068,4.3123
2024-07-12,WMT,Consumer,68.6182,69.1581,67.9016,67.9703,60433028.0,-1.1422,63.6544,55.8956,15.43,4107651043.0684,1.8505
2024-07-19,WMT,Consumer,68.0292,70.022,68.0292,69.4526,55890020.0,2.1808,64.517,56.2486,14.8106,3881707203.052,2.9293
2024-07-26,WMT,Consumer,69.5606,69.9533,67.5678,68.5004,80030979.0,-1.371,65.259,56.5738,15.8047,5482154073.8916,3.5304
2024-08-02,WMT,Consumer,68.5691,68.9471,66.4978,67.2046,86600730.0,-1.8917,65.9269,56.8837,16.6455,5819967419.358,3.6832
2024-08-09,WMT,Consumer,66.8511,67.3714,65.4474,66.7039,80380122.0,-0.745,66.491,57.1628,17.0167,5361667619.8758,2.9399
2024-08-16,WMT,Consumer,67.2763,73.2814,66.095,72.3068,136311374.0,8.3997,67.1712,57.5699,19.4033,9856239257.5432,10.8728
2024-08-23,WMT,Consumer,72.2477,75.0336,72.1984,74.5217,71785474.0,3.0632,67.9666,58.0203,19.8225,5349575557.7858,3.9269
2024-08-30,WMT,Consumer,74.7186,76.2691,74.3937,76.0279,65967003.0,2.0212,68.8492,58.4764,19.8403,5015332707.3837,2.5208
2024-09-06,WMT,Consumer,76.1264,76.5989,75.1124,75.4471,68287589.0,-0.7639,69.6781,58.9075,20.159,5152100556.0419,1.979
2024-09-13,WMT,Consumer,75.6539,79.4292,75.2995,79.3455,87344223.0,5.1671,70.7207,59.4082,21.6474,6930371046.0465,5.4844
2024-09-20,WMT,Consumer,79.5817,79.7589,76.2838,77.8294,113157119.0,-1.9108,71.5795,59.8941,22.6973,8806950677.4986,4.5554
2024-09-27,WMT,Consumer,77.8393,80.3299,77.8393,78.5382,69922365.0,0.9107,72.508,60.4086,22.4704,5491576686.843,3.1997
2024-10-04,WMT,Consumer,78.6465,80.261,78.6072,79.6802,74912517.0,1.4541,73.3484,60.967,22.0102,5969044337.0634,2.1039
2024-10-11,WMT,Consumer,79.434,79.6801,77.7506,78.8532,64858073.0,-1.0379,74.1855,61.4882,21.9634,5114266601.8836,2.4816
2024-10-18,WMT,Consumer,78.804,80.5466,78.5185,80.0444,56062805.0,1.5107,75.0003,62.039,21.8732,4487513588.542,2.5829
2024-10-25,WMT,Consumer,79.9656,82.0428,79.4636,81.2257,55654037.0,1.4758,75.9791,62.5974,21.1879,4520538113.1509,3.2458
2024-11-01,WMT,Consumer,81.462,81.7868,79.9558,80.9107,54662214.0,-0.3878,77.0334,63.1281,20.3868,4422757998.2898,2.2901
2024-11-08,WMT,Consumer,80.9205,84.2085,80.7236,83.5096,69379890.0,3.2121,78.3262,63.6993,20.0541,5793886861.944,4.3171
2024-11-15,WMT,Consumer,83.6277,84.4546,82.6354,82.9386,69207316.0,-0.6838,79.144,64.327,14.5232,5739957898.7976,2.2015
2024-11-22,WMT,Consumer,83.4998,89.495,82.3578,89.0323,122522037.0,7.3472,80.2602,65.0674,18.9208,10908418754.7951,8.666
2024-11-29,WMT,Consumer,89.0913,91.198,87.6737,91.0602,67135694.0,2.2777,81.4165,65.8575,18.9637,6113389722.7788,4.0198
2024-12-06,WMT,Consumer,91.3752,94.6829,90.5188,94.2104,92996578.0,3.4595,82.8599,66.7264,18.7275,8761244812.0112,4.6003
2024-12-13,WMT,Consumer,94.3784,94.6547,91.7935,92.9873,79572134.0,-1.2983,83.9092,67.56,18.0733,7399197895.8982,3.1169
2024-12-20,WMT,Consumer,93.155,94.6102,90.4024,91.0042,130925497.0,-2.1327,84.9227,68.331,18.2464,11914770114.0874,4.6546
2024-12-27,WMT,Consumer,90.2741,91.6307,87.7188,90.432,57579776.0,-0.6288,85.8376,69.0848,18.6224,5207054303.232,4.4596
2025-01-03,WMT,Consumer,89.5145,90.0768,88.3207,89.5638,46712916.0,-0.9601,86.5979,69.8278,19.0559,4183786266.0408,1.9884
2025-01-10,WMT,Consumer,89.6131,92.3213,89.2382,91.754,57352393.0,2.4454,87.5902,70.584,18.7645,5262311467.322,3.4549
2025-01-17,WMT,Consumer,90.8858,91.1916,88.9126,90.7082,78650346.0,-1.1398,88.4105,71.3136,19.3167,7134231315.0372,2.5632
2025-01-24,WMT,Consumer,91.2409,93.7371,91.0732,93.4904,67986719.0,3.0672,89.354,72.0848,19.7444,6356105553.9976,2.9249
2025-01-31,WMT,Consumer,94.6152,97.6736,93.5496,96.8449,72209792.0,3.5881,90.5797,72.8874,20.0267,6993150085.2608,4.4084
2025-02-07,WMT,Consumer,95.4735,101.7285,95.1775,99.7948,77151602.0,3.046,91.8324,73.7485,19.9652,7699328691.2696,6.883
2025-02-14,WMT,Consumer,100.5841,103.8892,99.8935,102.6461,69104274.0,2.8572,93.3484,74.6578,19.6054,7093284219.4314,4.0
2025-02-21,WMT,Consumer,102.3304,102.804,92.8541,93.5102,127221025.0,-8.9004,93.6928,75.3588,25.3625,11896463491.955,10.7156
2025-02-28,WMT,Consumer,92.9182,97.5356,90.8858,97.2889,120039513.0,4.0409,94.1719,76.128,26.1499,11678512176.3057,7.3165
2025-03-07,WMT,Consumer,96.6673,98.1571,89.5441,90.4912,117109782.0,-6.9871,93.8858,76.741,29.3084,10597404704.9184,9.6188
2025-03-14,WMT,Consumer,88.5574,89.0211,82.7463,84.2065,164027148.0,-6.9451,93.2104,77.2187,32.2298,13812152038.062,7.5832
2025-03-21,WMT,Consumer,84.219,87.0434,83.8727,85.0599,113687239.0,1.0135,92.7531,77.7093,32.2233,9670225180.6161,3.7804
2025-03-28,WMT,Consumer,85.5447,86.712,83.665,84.2388,104624174.0,-0.9653,92.2767,78.1973,32.2397,8813414868.7512,3.642
2025-04-04,WMT,Consumer,83.853,89.1804,81.7656,82.2998,140955644.0,-2.3018,91.718,78.654,32.4428,11600621310.0712,9.0684
2025-04-11,WMT,Consumer,79.3813,92.351,78.9559,91.8069,178112902.0,11.5518,91.722,79.2881,40.2596,16351993382.6238,16.9653
2025-04-17,WMT,Consumer,92.2719,95.0023,89.6403,92.2224,93237150.0,0.4526,91.8385,79.9416,40.1647,8598553742.16,5.9817
2025-04-25,WMT,Consumer,92.0246,95.5662,90.3625,94.0724,80577616.0,2.006,91.8833,80.6189,39.8997,7580129723.3984,5.7587
2025-05-02,WMT,Consumer,94.0824,98.1583,93.3305,97.6933,76472042.0,3.8491,91.9486,81.3721,39.9994,7470806140.7186,5.1728
2025-05-09,WMT,Consumer,98.1191,98.9124,95.4911,95.9175,62534263.0,-1.8177,91.6503,82.075,39.6861,5998130171.3025,3.5829
2025-05-16,WMT,Consumer,96.8596,98.3716,91.1276,97.4249,149923005.0,1.5716,91.2487,82.7281,39.3437,14606233769.8245,7.9493
2025-05-23,WMT,Consumer,95.848,97.9983,94.2117,95.5406,78774303.0,-1.9341,91.4049,83.3311,34.9374,7526144173.2018,4.0193
2025-05-30,WMT,Consumer,96.4927,98.1092,95.7787,97.9009,72724842.0,2.4705,91.4519,83.9724,34.3393,7119827484.1578,2.4332
2025-06-06,WMT,Consumer,98.0199,100.0529,96.1654,96.6613,75138067.0,-1.2662,91.9266,84.5876,30.9222,7262943235.7071,4.0425
2025-06-13,WMT,Consumer,96.5918,97.2753,92.6548,93.6564,83748231.0,-3.1087,92.6535,85.1235,27.6493,7843557821.8284,4.9868
2025-06-20,WMT,Consumer,93.9639,95.5109,92.8432,95.3225,61755901.0,1.7789,93.4429,85.6746,27.7069,5886726873.0725,2.8733
2025-06-27,WMT,Consumer,95.1241,98.2827,94.8762,96.4629,104784011.0,1.1964,94.3832,86.2514,27.3966,10107769574.6919,3.5905
2025-07-03,WMT,Consumer,96.4233,98.3669,95.5109,97.5439,53627046.0,1.1206,95.5558,86.805,26.3854,5230991212.3194,2.9902
2025-07-11,WMT,Consumer,97.4149,98.5256,93.4481,93.6167,76998316.0,-4.0261,95.6951,87.2982,17.1135,7208328249.4772,5.4335
2025-07-18,WMT,Consumer,93.7258,95.0447,93.5969,94.2613,61212815.0,0.6886,95.8519,87.7753,17.1365,5769999518.5595,1.5469
2025-07-25,WMT,Consumer,94.4647,96.8398,94.311,96.6613,60089144.0,2.5461,96.051,88.3169,17.4157,5808294774.9272,2.6814
2025-08-01,WMT,Consumer,96.4728,98.0596,96.2695,97.6728,72593176.0,1.0464,96.0495,88.9028,15.7152,7090378760.8128,1.8594
2025-08-08,WMT,Consumer,97.3852,103.8511,97.3852,102.8693,85669835.0,5.3203,96.5842,89.5983,18.3591,8812795957.5655,6.6395
2025-08-15,WMT,Consumer,103.28,103.7075,98.9462,99.4033,74637923.0,-3.3693,96.7364,90.1194,19.7939,7419255851.3459,4.8119
2025-08-22,WMT,Consumer,99.4033,102.0375,96.1826,96.2522,131830392.0,-3.17,96.7911,90.5373,20.5099,12688965256.8624,6.0872
2025-08-29,WMT,Consumer,96.4212,96.9977,94.8506,96.4013,88994055.0,0.1549,96.6758,90.9291,19.86,8579142594.2715,2.2637
2025-09-05,WMT,Consumer,96.6499,100.8745,95.9342,99.9103,63467439.0,3.64,96.9257,91.3995,20.9863,6341050870.7217,5.1497
2025-09-12,WMT,Consumer,100.2483,103.3546,99.6817,102.8725,70982985.0,2.9649,97.6346,91.8519,20.2208,7302197124.4125,3.6847
2025-09-19,WMT,Consumer,103.0315,105.4768,101.4808,101.7194,100281714.0,-1.1209,98.1267,92.3114,20.4189,10200595779.0516,3.9377
2025-09-26,WMT,Consumer,101.8387,102.8924,100.7254,102.5445,62638450.0,0.8112,98.5945,92.773,20.3796,6423228536.025,2.1514
2025-10-03,WMT,Consumer,102.4352,103.3149,99.2741,101.461,72966160.0,-1.0566,98.8958,93.1919,20.5605,7403219559.76,4.0703
2025-10-10,WMT,Consumer,101.2721,103.0107,99.7711,101.2323,80453951.0,-0.2254,99.4817,93.6222,18.3487,8144538503.8173,3.2471
2025-10-17,WMT,Consumer,100.7651,108.9212,100.4669,107.0872,93248740.0,5.7836,100.4683,94.1423,21.0467,9985746470.128,8.415
2025-10-24,WMT,Consumer,107.2065,107.6041,104.8804,105.5365,55503643.0,-1.4481,101.151,94.6098,21.3102,5857660219.4695,2.5969
2025-10-31,WMT,Consumer,105.7055,105.7254,99.5823,100.5763,75987356.0,-4.7,101.3743,94.988,23.8713,7642527113.2628,6.1689
2025-11-07,WMT,Consumer,100.2135,102.3556,99.4332,101.9779,72865860.0,1.3936,101.3057,95.3432,21.4439,7430707384.494,2.9391
2025-11-14,WMT,Consumer,101.5405,103.3098,98.29,101.8685,81286871.0,-0.1073,101.4954,95.7072,20.1964,8280571618.4635,5.1072
2025-11-21,WMT,Consumer,101.9679,107.5047,99.0853,104.6916,146847562.0,2.7713,102.1446,96.0083,19.3468,15373706221.8792,8.4972
2025-11-28,WMT,Consumer,104.7313,110.0395,103.1409,109.8506,90361847.0,4.9278,103.1791,96.3697,21.0626,9926303110.0582,6.6885
2025-12-05,WMT,Consumer,109.8505,115.5762,109.7014,114.4231,110288373.0,4.1625,104.2955,96.7584,21.3649,12619537532.6163,5.3552
2025-12-12,WMT,Consumer,114.1157,116.4863,111.8547,116.2373,107902296.0,1.5855,105.3236,97.2055,21.0153,12542271550.8408,4.1407
2025-12-19,WMT,Consumer,116.4613,116.9842,113.0748,113.9065,126054269.0,-2.0052,106.261,97.6459,21.4684,14358400591.8485,3.4574
2025-12-26,WMT,Consumer,113.5579,113.8667,110.1116,111.2969,59807249.0,-2.291,106.9343,98.0472,22.4093,6656361411.2281,3.4102
2026-01-02,WMT,Consumer,111.1475,112.3428,110.6794,112.3129,50504157.0,0.9129,107.769,98.4847,22.0933,5672268334.7253,1.5029
2026-01-09,WMT,Consumer,112.3727,114.9972,109.377,114.0759,108945561.0,1.5697,108.757,98.9139,22.0141,12428062922.0799,5.1384
2026-01-16,WMT,Consumer,117.0341,120.7593,115.9499,119.2254,562872234.0,4.5141,109.6907,99.4624,20.9298,67108667247.5436,4.1478
2026-01-23,WMT,Consumer,120.4107,121.1378,116.6719,117.2632,125236076.0,-1.6458,110.5928,99.9195,21.0281,14685583027.2032,3.8278
2026-01-30,WMT,Consumer,117.3429,118.9365,115.0221,118.6676,97437182.0,1.1976,111.9844,100.3392,17.2478,11562636538.7032,3.4032
2026-02-06,WMT,Consumer,119.0261,131.1777,118.5779,130.6598,147800556.0,10.1057,114.1907,100.9327,24.6507,19311591086.8488,10.6258
2026-02-13,WMT,Consumer,130.8989,134.1161,125.8888,133.3591,128605257.0,2.0659,116.6131,101.5234,24.2342,17150681328.7887,6.5353
2026-02-20,WMT,Consumer,132.5822,134.1559,120.57,122.5023,152625133.0,-8.141,117.9831,102.0809,31.6904,18696929830.3059,11.2681
2026-02-27,WMT,Consumer,123.0303,128.0901,122.4725,127.4427,111013525.0,4.0329,119.3364,102.6608,31.2951,14147863362.5175,4.5869
2026-03-06,WMT,Consumer,126.9546,128.2395,121.1377,123.3091,100163976.0,-3.2435,120.0199,103.2919,31.795,12351129732.9816,5.8625
2026-03-13,WMT,Consumer,123.198,126.1826,121.7951,126.0183,93291712.0,2.1971,120.7723,104.096,31.895,11756462950.3296,3.6024
2026-03-20,WMT,Consumer,126.5199,126.9491,117.7965,118.7946,135566403.0,-5.7323,121.1483,104.7447,34.0684,16104556617.8238,7.7699
2026-03-27,WMT,Consumer,120.2518,124.0346,118.8195,122.6572,89034178.0,3.2515,122.0222,105.4835,33.9559,10920682977.7816,4.3891
2026-04-02,WMT,Consumer,123.4757,125.6616,122.6074,125.5518,70697262.0,2.3599,123.0405,106.3153,34.0901,8876168499.1716,2.491
2026-04-10,WMT,Consumer,125.5717,129.4444,121.1002,126.5299,74867685.0,0.779,123.9985,106.9831,34.0659,9473000696.2815,6.8903
2026-04-17,WMT,Consumer,126.0508,127.3284,122.3129,127.2585,89921000.0,0.5758,124.6165,107.6568,33.1554,11443211578.5,4.1005
2026-04-24,WMT,Consumer,127.6278,132.2091,127.0788,129.6739,86262779.0,1.898,125.5711,108.3415,32.8714,11186030977.7681,4.0371
2026-05-01,WMT,Consumer,129.3696,133.1174,125.6716,131.3508,80258603.0,1.2932,126.5468,108.9887,32.8761,10542031710.9324,5.9249
2026-05-08,WMT,Consumer,130.41,131.75,128.665,130.43,67468590.0,-0.701,126.5291,109.6524,26.152,8799928193.7,2.3977
2026-05-15,WMT,Consumer,130.18,133.95,126.38,131.45,89944468.0,0.782,126.3822,110.3068,25.8472,11823200318.6,5.9899
2026-05-22,WMT,Consumer,131.52,135.155,118.91,120.27,145608336.0,-8.5051,126.2105,110.7823,26.3466,17512314570.72,13.6616
2026-05-29,WMT,Consumer,120.685,121.05,114.71,115.75,114662962.0,-3.7582,125.3111,111.1256,25.6783,13272237851.5,5.527
2026-06-05,WMT,Consumer,114.725,120.89,112.73,118.88,145931744.0,2.7041,124.9704,111.5529,25.8571,17348365726.72,7.2385
2026-06-12,WMT,Consumer,118.245,121.86,117.53,121.04,103096873.0,1.817,124.5874,112.0795,25.7139,12478845507.92,3.6842
2026-06-18,WMT,Consumer,119.74,122.94,116.795,117.18,102021026.0,-3.189,124.4632,112.4998,23.7953,11954823826.68,5.2614
2026-06-26,WMT,Consumer,116.955,120.4,115.09,115.69,118106021.0,-1.2715,123.9273,112.8696,22.7707,13663685569.49,4.6138
2026-07-02,WMT,Consumer,116.47,116.8,107.25,111.84,113318613.0,-3.3279,122.8725,113.1445,22.623,12673553677.92,8.9044
2026-07-10,WMT,Consumer,111.4,114.16,109.37,113.9,102282907.0,1.8419,121.901,113.5346,23.0482,11650023107.3,4.3796
2026-07-17,WMT,Consumer,114.725,118.09,112.07,114.24,97260754.0,0.2985,120.8996,113.9188,22.9853,11111068536.96,5.3716
